"","value_saat","value5","value3000"
"1",1.208753,0,0.613122
"2",2.423342,4.398492,2.323004
"3",9.279564,7.159632,2.482992
"4",12.89925,10.587009,7.658316
"5",11.599506,14.282124,12.888613
"6",12.531071,15.415796,13.204413
"7",11.840235,15.386943,13.420178
"8",8.150491,15.470403,13.471797
"9",1.219768,10.722178,7.574152
"10",1.638029,10.056261,6.836509
"11",1.24038,7.153709,4.48473
"12",1.220171,7.671232,5.011175
"13",1.966442,7.061397,3.266227
"14",1.763082,0,3.390723
"15",6.740679,8.11653,2.591907
"16",13.075833,10.394689,7.446411
"17",13.179827,14.972206,12.975594
"18",11.82044,15.407389,13.472331
"19",12.861554,15.419543,13.524672
"20",11.866746,15.363673,13.443261
"21",2.747147,15.284142,13.234563
"22",2.001348,10.994524,8.447501
"23",3.203002,12.002495,9.172542
"24",7.296964,13.015317,9.933742
"25",7.452271,13.208605,9.683388
"26",8.416282,12.695285,9.211692
"27",4.132393,12.039175,9.03235
"28",1.826153,12.366176,8.804691
"29",3.382748,11.360115,7.724854
"30",3.501513,7.54245,2.759338
"31",3.93393,0,0.234907
"32",11.068031,5.243995,2.428178
"33",12.96949,13.362231,12.379566
"34",12.852179,15.355957,13.468348
"35",12.409996,15.40013,13.60658
"36",12.17122,15.197784,13.429863
"37",10.482204,14.793893,13.017436
"38",0.087405,15.036289,12.85804
"39",1.441512,10.025173,8.618937
"40",3.560673,11.310825,9.3807
"41",8.912958,13.20747,9.899787
"42",7.007206,13.12843,9.7458
"43",12.083473,14.011858,10.282806
"44",10.924612,13.952113,10.927123
"45",12.533567,14.556231,11.306976
"46",6.9123,13.018389,10.030699
"47",5.33465,12.757079,9.843362
"48",10.198742,13.529846,10.399295
"49",12.915779,13.260333,9.759459
"50",10.773947,8.301557,4.906307
"51",10.328204,11.885474,8.912975
"52",12.428827,15.692425,13.384742
"53",12.435293,15.490169,13.660143
"54",11.769901,15.289822,13.59991
"55",11.87122,15.166054,13.450722
"56",9.897956,14.728094,13.121086
"57",4.217365,14.507271,12.972644
"58",0.506563,12.677744,11.797374
"59",1.133604,10.738661,9.662374
"60",1.159916,10.340885,9.308513
"61",1.263101,10.322384,9.207741
"62",2.842909,10.732965,9.462133
"63",10.943855,12.89549,10.640886
"64",11.090164,14.664806,11.183174
"65",13.477905,15.305102,10.980192
"66",12.781979,16.600801,11.616999
"67",12.349999,15.11278,12.311531
"68",12.83573,15.105945,12.450953
"69",12.053759,14.363752,11.497955
"70",8.345031,13.844991,10.93133
"71",9.236765,14.530621,11.440833
"72",13.803045,15.636126,11.984442
"73",13.218907,16.922972,13.863494
"74",12.029786,16.852039,14.011953
"75",13.292991,17.286032,14.205313
"76",12.709444,16.085724,13.832884
"77",13.081903,15.530429,13.649578
"78",12.790282,15.381725,13.621357
"79",10.044538,14.922609,13.362921
"80",8.281239,14.681412,13.161397
"81",4.166659,14.115307,12.313991
"82",1.11848,11.813295,9.725415
"83",0.91694,11.576423,10.295633
"84",0.79464,11.183375,10.457463
"85",0.932279,11.060479,10.42401
"86",1.177087,10.49442,9.907053
"87",1.496701,10.728668,9.684942
"88",10.136972,11.314617,10.394281
"89",12.093739,13.6099,11.176039
"90",9.186418,15.264894,11.130271
"91",10.770437,15.095452,11.111653
"92",13.253541,16.433388,11.504945
"93",13.909062,16.342131,13.04689
"94",13.437985,15.294819,12.82287
"95",12.125063,15.785002,13.033638
"96",11.987251,15.687988,13.184078
"97",10.498158,16.479048,13.201529
"98",11.25884,16.82011,12.936977
"99",9.264588,18.363821,13.315915
"100",7.012742,18.383987,13.613937
"101",13.649968,17.679684,14.001624
"102",13.568021,17.540794,14.086283
"103",12.686668,16.341351,14.012041
"104",12.553703,15.696363,13.848697
"105",11.214558,15.369555,13.704185
"106",9.874812,14.977296,13.472401
"107",6.756529,14.438583,12.694427
"108",7.696536,12.197969,11.33301
"109",7.677243,12.182828,9.706295
"110",5.966006,11.243333,5.44514
"111",8.381908,14.384245,12.403378
"112",6.822335,13.790302,12.302972
"113",10.389258,14.473888,11.962517
"114",6.844539,14.438826,11.587263
"115",3.289294,13.620713,10.453881
"116",1.219314,12.527979,10.782691
"117",1.120065,12.645901,11.326814
"118",0.920631,12.282788,11.685967
"119",0.787738,12.101503,11.594652
"120",0.912621,12.196995,11.760517
"121",0.997703,11.84893,11.542137
"122",1.38606,11.077682,10.83908
"123",5.26283,11.298381,10.450829
"124",12.171471,12.619203,11.439558
"125",12.17607,13.956398,11.415817
"126",8.434799,13.200882,10.945181
"127",9.903143,13.322374,10.724401
"128",13.332964,14.977121,11.031229
"129",14.693169,15.050263,11.880222
"130",13.978188,15.28414,12.797794
"131",13.853173,15.734077,13.463337
"132",13.723578,15.876545,13.793009
"133",11.651132,16.464958,13.925398
"134",9.796879,17.930256,13.937608
"135",6.014184,18.352072,13.713277
"136",3.386197,17.64435,12.824063
"137",10.286094,16.709902,10.962422
"138",13.340682,17.257109,13.212425
"139",15.018789,17.65151,14.391924
"140",13.859694,16.309139,14.135774
"141",11.465773,15.473133,13.708729
"142",10.781043,15.031017,13.366543
"143",11.152204,14.375845,12.822876
"144",11.21857,14.458706,12.485835
"145",10.802493,13.856174,12.311996
"146",11.508952,14.774648,12.600045
"147",12.026472,14.774156,12.606262
"148",10.693169,14.751771,12.571154
"149",11.573736,13.973944,11.7692
"150",11.509072,14.761352,12.178324
"151",12.698698,15.075514,12.593351
"152",11.730117,14.632646,12.222895
"153",1.08895,13.390617,11.135799
"154",1.095175,12.865883,10.896816
"155",1.020629,12.943662,11.346278
"156",0.968524,12.653706,12.04351
"157",0.971316,12.684402,12.179741
"158",1.201747,12.876365,12.380642
"159",1.987858,12.603265,12.279634
"160",2.30801,12.129683,11.882972
"161",4.941467,11.963547,11.783197
"162",7.944016,12.24458,11.992445
"163",11.458751,14.21048,13.124011
"164",11.735319,14.594346,12.66451
"165",8.193607,12.656337,10.911133
"166",10.935405,13.3524,10.741254
"167",11.976191,13.625425,10.636183
"168",14.052293,14.586937,11.170004
"169",12.927471,16.979986,14.030088
"170",14.375076,16.188892,14.154511
"171",14.616199,16.118309,14.14414
"172",13.628336,16.674133,14.244781
"173",12.74383,17.235769,14.335163
"174",8.318214,18.036942,14.147351
"175",4.163328,16.980419,12.709682
"176",1.437063,15.205097,9.424198
"177",1.983089,14.972312,9.361049
"178",9.18375,17.366205,14.131931
"179",12.347823,16.762238,14.166728
"180",11.362032,15.571706,13.445423
"181",11.9013,15.134254,13.323318
"182",10.484213,14.853511,13.093035
"183",9.650402,14.794871,12.869714
"184",12.467888,14.883579,12.875559
"185",12.264347,14.748192,12.747426
"186",12.700104,14.012613,12.257268
"187",6.777595,14.109128,12.570659
"188",9.438023,14.216927,12.523786
"189",12.179113,14.362375,12.783845
"190",12.947693,14.227588,12.69435
"191",13.239424,14.221302,12.804247
"192",12.811646,14.174728,12.878042
"193",6.825836,14.319091,13.005571
"194",2.144298,15.343023,13.309318
"195",1.429813,14.14628,12.009307
"196",0.999048,13.295405,11.185572
"197",0.982945,13.085247,11.219765
"198",1.102339,13.273982,12.005856
"199",1.347033,12.941953,12.361027
"200",3.748429,13.070583,12.557318
"201",9.106505,13.010562,12.695069
"202",9.635113,12.888522,12.538891
"203",9.979407,12.588388,12.335527
"204",9.249982,12.38556,12.233068
"205",7.898135,12.321586,12.163398
"206",10.385648,12.617016,12.308256
"207",6.408275,13.25041,12.625612
"208",9.16012,13.729403,12.294464
"209",13.191184,15.82111,12.884752
"210",13.435997,15.320607,11.389547
"211",14.190567,15.898521,12.422944
"212",14.112299,16.66955,14.22572
"213",14.264358,16.538315,14.23418
"214",14.667023,16.71545,14.259478
"215",14.61241,16.645094,14.270617
"216",13.157465,16.969221,14.229054
"217",10.980551,16.223406,12.970885
"218",6.112506,14.627015,10.025894
"219",1.226315,13.861982,9.372131
"220",1.095246,10.972162,6.864097
"221",3.335539,8.168648,4.644525
"222",11.431199,10.066241,6.343799
"223",11.285057,10.643188,7.367332
"224",11.113094,11.913429,9.100668
"225",10.498807,14.758591,12.837734
"226",9.932555,14.676118,12.69789
"227",13.603875,15.140911,13.025176
"228",13.301889,14.267808,12.796346
"229",13.552523,13.874478,12.054996
"230",12.299894,13.916771,12.053072
"231",12.317724,14.419359,12.672382
"232",12.588167,14.320256,12.747222
"233",13.985073,14.16822,12.719807
"234",14.450907,14.20413,12.866968
"235",13.579915,14.457799,13.148267
"236",12.35243,15.449542,13.439122
"237",6.824744,14.367139,12.938001
"238",4.710498,14.817698,9.540801
"239",3.78505,16.351307,14.064431
"240",1.954818,14.89622,13.138947
"241",1.213927,13.840329,12.085093
"242",1.019809,13.237337,11.452072
"243",1.353503,13.043844,11.432234
"244",3.540987,13.22015,12.108955
"245",8.875884,12.991937,12.502136
"246",11.569963,12.98673,12.598763
"247",10.647754,13.038954,12.692154
"248",10.261319,12.932778,12.601563
"249",10.004966,12.720005,12.459884
"250",8.92642,12.687834,12.485306
"251",5.2945,12.464819,12.318599
"252",5.192326,12.390353,12.278937
"253",7.363406,12.980972,12.655482
"254",12.151808,14.310938,13.48042
"255",12.941592,16.129917,14.029911
"256",12.445946,16.387495,14.029698
"257",13.026694,16.43926,14.069039
"258",14.148405,16.960365,14.223665
"259",14.428195,15.927239,14.083273
"260",13.540572,16.097328,14.146229
"261",13.301316,16.463375,14.166521
"262",13.141505,14.397436,11.974906
"263",8.607675,12.387341,9.154189
"264",1.167713,11.37945,8.353633
"265",1.026573,11.281971,8.114416
"266",1.121101,10.640031,7.669006
"267",1.014597,9.433534,6.687422
"268",4.982349,9.916139,6.996866
"269",10.690078,10.644354,7.620927
"270",11.237742,11.177455,8.359993
"271",10.405643,13.784011,12.276507
"272",13.631763,13.975248,12.269724
"273",13.785545,14.718283,12.769003
"274",14.108433,15.804984,13.242428
"275",13.934172,13.91875,11.802612
"276",13.944138,13.45315,10.80159
"277",13.302901,13.660355,11.231727
"278",13.505297,14.023908,11.533123
"279",14.14261,14.040043,11.843531
"280",14.480425,14.251314,12.410806
"281",14.190693,14.195992,12.634669
"282",13.69995,14.383186,12.867002
"283",10.658453,14.130569,12.314939
"284",3.292954,14.770491,12.151528
"285",6.078328,9.144241,7.942354
"286",9.451421,16.440187,13.769343
"287",3.570509,15.222268,13.334865
"288",2.233096,14.50827,13.016821
"289",1.496438,14.357349,12.94587
"290",1.794034,14.003575,12.608508
"291",6.646027,12.974514,11.768372
"292",11.010264,13.347775,12.280629
"293",11.435357,13.350617,12.853134
"294",10.792534,13.1974,12.796607
"295",11.955441,13.114482,12.763151
"296",12.106762,13.021867,12.683261
"297",11.063464,12.93335,12.620484
"298",9.347086,12.830769,12.630784
"299",8.057426,12.782936,12.607755
"300",9.270332,12.510284,12.406945
"301",9.442041,12.788293,12.634524
"302",11.779634,13.375797,13.043653
"303",10.451303,14.949991,13.613095
"304",11.843203,15.005085,13.496394
"305",12.405293,15.616453,13.766509
"306",13.432146,16.874304,14.125947
"307",14.904908,16.467653,14.199753
"308",14.297433,16.025991,14.077987
"309",13.853871,15.350819,13.358162
"310",13.077792,11.787348,9.124207
"311",11.077045,11.534094,8.899232
"312",1.793856,11.07811,8.440162
"313",0.983636,10.53688,7.814137
"314",0.884356,10.486088,7.777791
"315",3.673218,10.572248,7.775041
"316",12.074906,10.879074,7.84123
"317",13.00317,10.812747,7.836454
"318",13.003576,12.40864,9.233789
"319",12.957523,13.366055,11.679826
"320",13.543056,12.898812,10.694188
"321",13.751014,13.077823,9.628365
"322",14.296082,14.144936,10.400191
"323",14.195923,13.538841,10.65214
"324",14.183029,13.729631,10.761567
"325",14.321884,13.500503,10.994119
"326",13.928286,13.621781,11.134174
"327",13.828144,13.753687,11.316872
"328",13.989084,14.103031,11.850466
"329",14.8218,13.785146,11.690784
"330",13.95708,13.493015,11.584368
"331",13.654256,13.691358,11.771185
"332",7.894918,14.198009,11.759187
"333",3.94449,11.545063,8.860773
"334",9.330746,15.553191,12.818964
"335",12.648557,14.824375,13.137323
"336",10.528882,15.778902,13.562304
"337",8.472131,13.79977,12.95945
"338",4.213586,13.615608,12.936014
"339",3.841321,13.608771,12.9509
"340",9.247152,13.589343,12.901125
"341",10.28653,13.606299,13.103512
"342",10.750109,13.478651,13.080655
"343",11.160185,13.443118,13.036981
"344",11.168481,13.230105,12.948566
"345",10.9076,13.130177,12.778963
"346",11.069751,13.140121,12.841478
"347",11.487663,13.199512,12.943429
"348",10.77755,12.968711,12.886643
"349",10.541891,12.727705,12.616088
"350",10.330422,12.863689,12.75934
"351",10.536255,13.190972,13.098776
"352",10.928014,14.664713,13.513883
"353",11.125697,15.20369,13.618487
"354",12.269125,14.996655,13.371034
"355",12.515549,16.629751,14.014526
"356",14.660906,16.790596,14.061506
"357",14.421876,16.321087,14.070837
"358",13.989536,13.617577,11.025694
"359",13.847138,12.215533,9.658717
"360",11.974194,11.938704,9.579392
"361",4.675864,11.710729,9.343126
"362",2.048733,10.693663,8.15762
"363",3.128558,10.655584,7.968713
"364",0.88045,10.643513,7.860783
"365",4.564363,10.609077,7.815897
"366",13.405817,10.919196,8.173078
"367",12.872469,12.08475,9.09341
"368",13.023311,13.003793,11.311457
"369",13.089329,12.498271,9.418526
"370",13.446548,11.86742,8.347734
"371",13.622039,12.546809,8.376762
"372",14.718883,12.660183,9.063665
"373",14.270274,13.687264,10.298298
"374",14.751153,14.084116,11.228447
"375",14.469702,13.462288,11.09772
"376",14.252369,13.374345,11.072853
"377",14.309813,13.893289,11.423175
"378",14.828083,13.396016,11.354775
"379",15.028236,13.190552,11.338569
"380",14.18523,13.722907,11.484606
"381",11.968682,13.612744,11.528934
"382",1.161483,13.206372,11.29058
"383",5.763002,13.545995,9.078923
"384",4.271179,8.980372,12.390535
"385",8.897073,16.395351,13.405499
"386",7.238658,14.513545,13.438152
"387",9.898098,13.779097,12.883576
"388",8.481042,14.451101,13.246349
"389",11.062826,13.864688,12.985696
"390",7.396702,14.040221,13.190236
"391",10.281235,13.864824,13.138095
"392",11.248332,13.777801,13.251224
"393",11.447225,13.731921,13.285248
"394",11.789125,13.602919,13.215125
"395",11.611218,13.5804,13.285825
"396",11.915484,13.463696,13.209248
"397",12.253104,13.29386,13.087247
"398",11.539552,13.262062,13.062417
"399",11.64371,13.213231,13.02612
"400",12.029424,13.223044,13.008432
"401",10.518605,13.080103,12.89152
"402",10.383866,13.037355,12.901198
"403",10.388105,13.310939,13.102878
"404",11.022644,15.664302,13.98106
"405",12.4926,15.081967,13.486728
"406",13.105084,15.07548,13.420711
"407",13.789423,15.696523,13.71123
"408",14.074303,16.369143,13.911819
"409",13.960412,15.984849,13.52293
"410",14.164387,13.308937,10.729493
"411",13.193223,12.424883,9.916878
"412",12.062784,11.793427,9.50124
"413",8.00185,11.715469,9.242105
"414",7.648173,10.921188,8.487635
"415",8.065072,11.193187,8.475874
"416",2.842958,11.123538,8.404535
"417",10.233228,11.407116,8.600567
"418",13.576884,11.351439,8.705947
"419",13.342113,11.814278,9.053962
"420",12.381731,12.725322,10.369383
"421",12.37228,12.226347,8.666142
"422",13.599825,11.816269,8.177097
"423",12.083774,12.170728,8.090506
"424",9.397446,11.990868,7.733056
"425",14.564533,12.204478,8.475714
"426",14.833612,13.553051,10.277757
"427",15.456475,12.983688,10.593947
"428",15.310776,13.170496,10.891501
"429",15.070516,13.39606,11.117752
"430",14.808421,13.058441,11.15343
"431",15.074495,13.218598,11.39406
"432",14.776918,13.407795,11.413509
"433",13.098604,13.069307,11.272081
"434",2.426238,12.6926,11.025079
"435",0.319087,12.499233,10.803755
"436",4.659173,14.528901,10.258307
"437",7.49607,16.427948,12.265042
"438",8.509034,16.623133,13.782053
"439",6.108297,14.623297,13.786971
"440",5.20959,13.985265,13.308988
"441",6.727212,13.753368,12.962978
"442",8.62372,13.623925,12.767064
"443",11.82649,13.990429,13.038876
"444",10.863018,14.116998,13.197449
"445",10.827841,13.976372,13.312927
"446",11.315683,14.244731,13.59793
"447",11.673794,13.990353,13.44158
"448",11.678778,13.74846,13.298808
"449",12.188796,13.624153,13.310027
"450",12.158565,13.756287,13.397938
"451",10.850399,13.363452,13.14383
"452",10.870129,13.30951,13.107291
"453",11.888418,13.319756,13.116966
"454",11.804754,13.392706,13.144568
"455",11.07618,13.221767,13.019262
"456",10.014837,13.248581,13.050991
"457",10.893294,13.529941,13.34065
"458",12.402423,14.711216,13.859886
"459",13.11859,15.567104,13.763264
"460",13.873639,16.00676,13.875084
"461",13.622339,15.914418,13.782374
"462",12.458515,14.886013,13.081621
"463",12.119431,13.869576,12.06072
"464",12.193483,13.152271,10.719171
"465",12.009409,12.169905,9.844687
"466",10.712558,11.812409,9.404984
"467",6.5704,10.979217,8.775235
"468",9.115083,11.463778,9.034045
"469",10.459956,12.020765,9.436196
"470",12.249597,11.935364,9.231791
"471",12.877659,11.717923,8.932336
"472",13.360544,11.664986,8.978
"473",13.812312,11.953682,9.134683
"474",12.304127,12.517352,9.078204
"475",12.605706,12.198709,8.569422
"476",12.508768,12.034222,8.340486
"477",10.602544,12.253729,8.441391
"478",2.369552,12.277949,8.365458
"479",13.741669,12.36298,9.308753
"480",14.703374,12.858813,9.909733
"481",15.144792,12.723604,10.02066
"482",14.92254,12.683725,10.037743
"483",15.203053,12.663512,10.375996
"484",14.958244,13.139297,11.125911
"485",14.783116,12.422827,11.041268
"486",14.219063,12.69647,11.003105
"487",13.597816,12.389931,10.857451
"488",4.075618,11.855735,10.536889
"489",3.578222,12.160149,10.572446
"490",8.135703,15.977168,12.678934
"491",9.932514,16.225468,14.222385
"492",3.421944,14.562449,13.825125
"493",4.313317,14.077785,13.489453
"494",8.060814,13.786614,13.209926
"495",9.32023,13.604995,12.996284
"496",11.550948,13.638307,12.853727
"497",11.689447,13.994499,13.116509
"498",10.400292,14.148026,13.283882
"499",10.041363,13.852715,13.33259
"500",10.347328,13.930626,13.42892
"501",10.885711,14.075998,13.506918
"502",11.234804,13.778374,13.318167
"503",12.069387,13.675481,13.332042
"504",11.788986,13.501485,13.238102
"505",10.544522,13.451825,13.190836
"506",9.001024,13.378672,13.154379
"507",9.197104,13.374709,13.162334
"508",11.138974,13.360418,13.133753
"509",11.469268,13.33942,13.106412
"510",10.894364,13.444575,13.183483
"511",11.149714,14.537833,13.820225
"512",13.613595,15.977911,14.067201
"513",13.785603,16.653379,13.545207
"514",12.341381,16.076811,13.861438
"515",11.599134,15.073322,13.340631
"516",12.249372,14.196682,12.549252
"517",11.558366,12.361846,10.423945
"518",11.217517,12.02379,10.07442
"519",9.520668,12.375416,10.415245
"520",6.035709,11.834662,9.663573
"521",4.66857,11.234821,9.092457
"522",6.300228,11.855955,9.614555
"523",8.717427,12.540647,10.134806
"524",11.516294,12.772554,10.316515
"525",12.09868,13.250361,10.256989
"526",12.908493,12.150208,9.311999
"527",13.065847,12.099189,9.268773
"528",12.599222,12.371455,9.004324
"529",11.699483,12.108958,8.777295
"530",12.184042,11.839079,8.379157
"531",11.600918,12.035753,8.371754
"532",9.860733,12.192043,8.948227
"533",14.011999,12.935605,9.794247
"534",14.130785,12.975628,10.11203
"535",14.998626,12.877837,10.149309
"536",14.19816,12.545303,10.035847
"537",13.571747,12.774972,10.321609
"538",14.911943,12.672148,10.891852
"539",14.944691,12.289811,10.451516
"540",14.394079,11.823495,10.247728
"541",10.428441,11.578648,10.200983
"542",2.748194,11.262474,10.033162
"543",3.524766,11.180496,9.901563
"544",6.53039,14.456699,11.284131
"545",11.081254,14.75876,13.919267
"546",12.120257,14.409483,13.818553
"547",9.585259,14.161311,13.593079
"548",9.99026,13.814395,13.323117
"549",11.224733,13.586868,13.09812
"550",11.043265,13.460275,12.986639
"551",11.237679,13.617083,13.112227
"552",12.135326,13.713766,13.189987
"553",9.640846,14.021006,13.426713
"554",10.751495,13.834206,13.370893
"555",11.246687,13.889239,13.418049
"556",11.232859,13.787258,13.366978
"557",12.184305,13.792316,13.373185
"558",12.1711,13.707995,13.335859
"559",12.209238,13.69179,13.33567
"560",10.467825,13.600573,13.277935
"561",9.148182,13.604504,13.31226
"562",9.869581,13.549438,13.455502
"563",10.496842,13.542273,13.250674
"564",10.177273,13.529889,13.300883
"565",11.024906,13.58543,13.253224
"566",11.586493,14.270553,13.641121
"567",13.256156,16.003736,13.95803
"568",12.449707,15.838924,13.96106
"569",10.752268,15.057671,13.626712
"570",9.894098,14.44761,13.088696
"571",10.419789,13.161108,11.870251
"572",7.20755,12.442693,10.764429
"573",8.770811,12.256099,10.608587
"574",7.668612,13.06829,11.861863
"575",6.226929,14.093649,12.572584
"576",6.070506,12.865333,11.631876
"577",8.319049,12.325253,10.186317
"578",9.693521,12.519418,10.294282
"579",10.532858,12.852351,10.559449
"580",11.567744,13.109319,10.763389
"581",11.705122,12.57625,10.192889
"582",11.452953,13.744753,12.368952
"583",11.317209,14.610286,12.762543
"584",11.778522,13.582124,11.5234
"585",12.109324,12.705897,9.532187
"586",12.832497,12.072154,8.916599
"587",11.946945,12.306993,9.455282
"588",13.725306,13.000645,9.997968
"589",14.255951,13.096647,10.253119
"590",13.953519,13.226411,10.38885
"591",14.443218,12.905298,10.629577
"592",13.980075,12.887822,10.870108
"593",15.654724,12.755389,11.018509
"594",15.361801,11.927679,10.517534
"595",13.127485,11.298745,9.748034
"596",6.005836,11.324279,9.860894
"597",4.752696,10.891918,9.550487
"598",3.109833,10.928101,9.545098
"599",5.528921,0,2.78188
"600",11.777512,14.625525,13.670107
"601",10.377208,14.327642,13.726837
"602",11.980654,14.044473,13.542414
"603",11.27927,13.846561,13.348355
"604",12.05628,13.612309,13.144707
"605",11.345425,13.425892,12.980562
"606",11.544884,13.337034,12.963574
"607",11.050671,13.569378,13.144111
"608",11.168661,13.65613,13.221036
"609",9.918911,13.693662,13.346342
"610",10.732422,13.752031,13.330467
"611",11.163061,13.948789,13.466106
"612",11.185496,13.843595,13.408221
"613",12.499937,13.824705,13.399632
"614",12.07667,13.816212,13.397778
"615",12.08889,13.794522,13.399115
"616",10.693034,13.748426,13.377914
"617",8.699134,13.709881,13.386251
"618",8.361905,13.728828,13.402102
"619",10.47391,13.697668,13.346398
"620",10.196927,13.68959,13.284534
"621",11.686183,13.743441,13.3053
"622",11.78053,13.751746,13.148157
"623",11.840141,13.855902,13.114075
"624",11.534504,13.79598,13.213789
"625",10.886096,13.814545,13.222084
"626",9.429668,14.187094,13.012325
"627",8.409041,13.508561,12.467871
"628",5.232669,13.219133,12.083529
"629",4.667523,13.396297,12.330667
"630",4.859992,14.059896,12.717699
"631",7.055757,14.066781,12.83079
"632",7.958818,14.174614,12.8127
"633",8.922787,12.9538,11.909785
"634",11.510296,12.588679,10.647517
"635",11.968566,12.826001,10.866668
"636",11.534689,12.778448,11.454209
"637",10.870609,14.508829,12.870365
"638",10.690234,14.526556,13.084199
"639",11.255813,14.625382,12.957526
"640",11.358853,14.543888,12.740769
"641",10.965995,13.775073,12.53241
"642",11.890948,13.686159,12.089579
"643",12.730344,12.94813,10.332289
"644",12.87638,13.081316,10.215465
"645",13.93331,12.872282,10.440677
"646",15.305636,13.279366,10.751862
"647",14.427267,13.505678,11.066341
"648",13.592315,13.10933,11.078636
"649",13.82412,12.697961,11.004776
"650",14.823849,12.168221,10.703794
"651",12.241982,11.646474,10.034593
"652",4.118952,11.460329,9.934493
"653",2.693961,11.083167,9.636873
"654",4.051699,11.555983,10.224818
"655",1.96662,12.289257,10.751215
"656",7.569808,12.389759,11.69151
"657",12.485673,14.930333,13.965295
"658",10.597983,13.997118,13.522601
"659",12.098529,13.756445,13.34967
"660",12.410438,13.573651,13.157227
"661",11.665037,13.25341,12.917742
"662",10.325027,12.962693,12.722851
"663",11.346819,13.021123,12.812469
"664",11.201387,13.256864,12.981874
"665",11.779957,13.423188,13.100487
"666",10.939575,13.628018,13.24167
"667",10.666674,13.646969,13.265295
"668",12.036962,13.523703,13.233456
"669",12.000751,13.577645,13.28457
"670",12.114266,13.782911,13.407464
"671",11.913259,13.825735,13.414481
"672",12.354739,13.816683,13.41176
"673",11.75454,13.854649,13.453794
"674",10.614233,13.889672,13.581465
"675",10.020142,13.920428,13.519114
"676",10.081957,13.762341,13.402349
"677",9.766933,13.785625,13.376098
"678",10.384008,13.726026,13.274137
"679",9.610399,13.676041,13.030533
"680",9.487107,13.601914,12.986294
"681",9.246614,13.477429,13.010839
"682",9.254633,13.39592,12.969632
"683",7.565507,13.884526,12.831419
"684",6.982324,13.784248,12.448961
"685",8.311174,13.708455,12.355139
"686",8.846982,13.801411,12.629304
"687",9.378346,13.810375,12.679062
"688",8.857366,13.797006,12.617337
"689",9.125599,13.945345,12.693292
"690",10.117212,14.347706,12.88758
"691",11.537715,14.047625,12.40549
"692",12.167809,14.278264,12.596757
"693",11.431608,14.464767,12.912702
"694",11.264071,14.253145,12.789222
"695",10.814624,14.266587,12.738976
"696",11.533694,14.444921,12.793136
"697",11.192183,14.45246,12.719855
"698",10.479425,14.391648,12.630256
"699",11.531074,13.824476,12.560287
"700",12.586901,13.716127,11.301159
"701",12.393458,13.345856,10.203232
"702",13.955633,13.557586,10.740458
"703",14.441116,13.544426,10.977175
"704",12.986189,13.329992,11.134089
"705",13.876718,12.99115,11.075668
"706",12.849769,12.429163,10.858345
"707",12.274352,12.188154,10.646588
"708",8.796898,11.626835,10.41712
"709",4.603699,11.875175,10.35245
"710",5.573802,11.670919,10.60513
"711",7.990919,12.034113,10.994236
"712",3.407324,12.348921,10.719332
"713",1.337533,12.307844,10.481764
"714",0.950337,12.084032,10.248082
"715",0.199278,12.014644,10.186817
"716",2.648808,8.335663,6.411235
"717",10.541625,17.4056,13.849194
"718",12.549045,15.427537,14.010208
"719",13.311882,13.989967,13.518972
"720",12.741315,13.66945,13.272659
"721",11.606619,13.399124,13.032919
"722",11.718796,12.935888,12.728562
"723",12.154421,12.829396,12.688746
"724",12.081144,12.896409,12.760613
"725",12.253514,13.034387,12.855643
"726",10.954138,13.325454,13.046227
"727",11.337511,13.425803,13.196445
"728",10.374425,13.478105,13.159857
"729",11.20894,13.549394,13.406141
"730",12.005003,13.626488,13.368521
"731",11.76195,13.846215,13.488913
"732",11.090506,13.88414,13.586647
"733",11.653383,13.864872,13.576694
"734",11.106339,13.921684,13.526732
"735",10.73459,13.960297,13.549469
"736",10.402452,13.995638,13.646437
"737",9.118023,13.863293,13.552355
"738",9.966923,13.853712,13.409819
"739",11.150764,13.778091,13.295558
"740",11.11586,13.703224,13.056625
"741",9.714852,13.5749,12.987234
"742",9.702755,13.414328,12.982868
"743",10.04853,13.353363,13.035496
"744",10.217637,13.302109,12.777211
"745",9.397275,13.211479,12.496234
"746",7.067127,13.715161,12.567207
"747",6.713918,13.722572,12.751724
"748",9.120846,13.7061,12.586758
"749",8.652899,13.679128,12.4655
"750",9.746335,13.873909,12.604034
"751",10.40499,14.240048,12.893265
"752",10.29744,14.309143,12.914115
"753",10.125537,14.194678,12.632164
"754",10.462185,13.723896,12.155763
"755",10.661997,12.899635,11.90841
"756",10.385141,13.828982,12.267635
"757",10.824898,14.107499,12.4829
"758",10.820771,14.183441,12.571752
"759",10.646099,13.574648,12.404897
"760",10.931185,13.422513,11.89532
"761",12.444044,13.044736,10.430683
"762",12.918817,13.156658,9.903214
"763",12.920561,13.453703,10.302008
"764",14.560361,13.231026,10.727606
"765",14.045716,12.995467,10.815245
"766",12.207707,12.313897,10.392269
"767",9.970731,11.99474,10.283437
"768",10.342205,12.384678,10.899141
"769",8.017285,12.134516,10.939252
"770",7.782877,12.081066,10.858028
"771",6.680552,13.93742,12.512278
"772",10.788495,13.310796,12.39401
"773",12.104242,12.446959,11.180792
"774",2.366118,12.080238,10.303133
"775",2.032281,11.859973,10.126046
"776",2.032519,12.475407,10.6236
"777",5.298134,12.32795,10.480173
"778",4.345928,12.227998,10.290834
"779",1.287818,11.785519,9.864621
"780",5.476469,16.882879,10.784393
"781",13.122571,16.790359,14.454129
"782",13.910915,15.462326,14.056479
"783",13.260937,14.075443,13.610107
"784",13.297185,13.551427,13.189228
"785",12.647397,13.243612,12.953227
"786",12.205701,13.026666,12.819005
"787",11.561932,12.897011,12.754526
"788",12.602268,13.027787,12.871635
"789",12.071871,13.112617,12.917667
"790",11.588376,13.26609,13.009295
"791",11.691771,13.45366,13.128086
"792",11.506756,13.551071,13.202315
"793",10.877014,13.629433,13.3159
"794",10.941634,13.675837,13.400583
"795",10.721112,13.725613,13.534479
"796",10.648932,13.793882,13.454125
"797",10.454593,13.931947,13.534897
"798",10.865652,13.958447,13.541531
"799",11.231011,14.000596,13.561724
"800",10.712371,14.032378,13.584451
"801",11.507648,13.896113,13.462164
"802",11.020659,13.871353,13.419218
"803",11.404373,13.81349,13.35404
"804",11.532749,13.720469,13.266315
"805",10.616339,13.533385,13.114859
"806",11.188641,13.418905,13.030784
"807",10.963866,13.349631,13.087119
"808",11.15054,13.256437,12.827599
"809",10.81964,13.199052,12.596665
"810",9.942095,13.709278,12.718957
"811",8.504451,13.685807,12.81687
"812",5.471499,13.671356,12.636812
"813",6.684976,13.647271,12.443175
"814",10.613376,13.823933,12.586471
"815",10.542291,14.113484,12.778465
"816",8.378387,14.070621,12.513884
"817",8.362281,12.908727,11.831268
"818",10.551514,12.468559,11.358326
"819",10.473154,12.309828,11.105328
"820",10.734317,12.476681,11.346502
"821",10.476725,13.055967,12.011948
"822",10.229377,13.168641,12.090714
"823",8.701951,13.128111,11.933343
"824",8.629678,12.59681,10.675377
"825",9.559363,12.121047,10.064934
"826",10.906849,12.576225,9.819272
"827",11.351502,13.037415,9.855238
"828",11.392731,11.668539,9.429612
"829",8.975115,11.303874,9.453622
"830",10.649767,11.001279,9.227077
"831",9.527163,11.072824,9.476699
"832",6.090128,11.855974,10.593168
"833",7.299103,12.233718,11.221591
"834",9.673684,12.419505,11.297287
"835",10.455752,13.032629,12.067048
"836",12.487694,14.335745,12.839447
"837",12.030321,12.901173,11.762336
"838",3.901269,12.441072,10.691365
"839",2.027053,12.119997,10.703881
"840",5.716708,13.230956,11.970352
"841",4.792893,12.460378,10.823796
"842",4.676737,12.504961,10.488428
"843",5.735596,11.965451,9.99375
"844",5.912246,11.731243,9.653843
"845",3.852638,11.992092,9.801475
"846",7.181284,16.574345,10.622894
"847",13.958314,16.72337,14.418434
"848",14.179649,15.45133,14.029199
"849",13.520347,14.067983,13.614681
"850",12.940815,13.600941,13.241923
"851",12.611703,13.349381,13.059361
"852",12.310672,13.209839,12.959326
"853",11.242467,13.061952,12.911861
"854",12.403435,13.18577,12.999053
"855",12.30654,13.280912,13.030362
"856",11.503474,13.412812,13.070531
"857",11.688828,13.574755,13.279723
"858",11.034836,13.644496,13.266002
"859",11.069725,13.701616,13.328321
"860",11.131902,13.764271,13.514959
"861",11.683172,13.808845,13.459875
"862",11.262884,13.85507,13.479883
"863",12.170068,13.980133,13.556634
"864",10.608402,13.992081,13.557978
"865",9.953307,14.038204,13.589105
"866",9.921088,14.050375,13.59904
"867",10.088111,13.87991,13.430461
"868",10.418774,13.868036,13.39645
"869",10.28654,13.815535,13.360184
"870",9.429689,13.740413,13.297056
"871",8.689069,13.560763,13.164524
"872",10.402737,13.422225,13.081934
"873",11.088707,13.355606,13.100264
"874",11.423402,13.2707,13.049157
"875",11.189309,13.24662,12.884885
"876",10.724605,13.71852,12.803797
"877",9.972318,13.67626,12.864313
"878",9.695701,13.662582,12.734374
"879",8.790623,13.677582,12.642223
"880",7.971799,13.853381,12.79028
"881",10.343572,14.05408,12.840737
"882",10.209824,14.032402,12.422858
"883",6.923175,12.833911,11.693635
"884",9.640923,12.481689,11.123215
"885",10.463744,12.070517,10.417378
"886",10.143625,11.702071,9.584029
"887",10.369025,11.815462,9.740313
"888",9.698391,11.696548,10.114003
"889",9.340217,11.493259,9.957414
"890",6.011104,11.410897,9.865828
"891",4.374728,11.432034,9.763771
"892",7.215169,11.398506,9.426649
"893",5.114307,11.673176,9.462504
"894",4.412921,10.671729,8.90352
"895",3.396702,10.83234,8.843821
"896",5.015228,10.999608,9.06352
"897",4.272508,11.075044,9.349113
"898",4.760406,11.194548,10.105564
"899",10.611519,11.294166,10.26325
"900",8.491881,11.415862,10.319382
"901",8.437382,12.192395,11.002472
"902",7.612726,12.66833,11.412002
"903",7.051397,11.985973,10.703619
"904",4.074049,12.232015,10.946731
"905",7.57209,13.181758,12.039997
"906",9.734073,13.247595,11.886203
"907",7.018038,12.581091,10.764763
"908",4.737693,12.712521,10.713825
"909",6.137703,11.98981,10.063567
"910",6.14567,11.863294,9.829941
"911",7.665286,11.892973,9.802727
"912",6.973183,11.566405,9.298661
"913",1.262564,0,0
"914",8.40449,16.112761,9.736506
"915",13.600699,16.642174,14.28815
"916",13.44411,15.421934,13.983746
"917",14.006458,14.055757,13.563763
"918",12.734358,13.651569,13.283863
"919",12.438253,13.336612,13.060038
"920",12.449282,13.26527,13.001404
"921",11.882746,13.325006,13.090404
"922",10.471011,13.422316,13.16292
"923",11.151756,13.508953,13.194078
"924",11.140697,13.591002,13.220667
"925",11.341352,13.738888,13.304902
"926",11.140794,13.823214,13.392064
"927",10.651046,13.792878,13.498009
"928",10.419161,13.840254,13.446432
"929",10.44527,13.886221,13.479751
"930",11.478791,13.987011,13.551553
"931",11.759271,13.950406,13.632312
"932",11.507484,13.976144,13.580006
"933",10.793963,13.9811,13.590151
"934",10.964767,13.964579,13.542045
"935",11.136764,13.947126,13.456524
"936",11.140581,13.830253,13.457462
"937",9.859282,13.825541,13.333854
"938",8.384025,13.772603,13.278837
"939",8.922923,13.585896,13.316743
"940",7.114458,13.449919,13.217921
"941",10.552061,13.329511,13.344131
"942",10.984918,13.25002,13.165121
"943",11.116234,13.204412,13.186653
"944",11.131211,13.722127,12.859633
"945",11.027931,13.700925,13.034737
"946",10.623685,13.68535,12.923635
"947",10.083646,13.687248,12.946116
"948",8.116059,13.806401,12.703639
"949",9.372262,13.943995,12.592418
"950",11.418349,14.068745,12.556859
"951",11.264824,12.844885,11.732019
"952",10.200902,12.610802,11.127381
"953",9.328176,12.238435,10.489282
"954",8.632433,11.490456,9.43648
"955",9.441445,11.106934,9.188482
"956",8.395933,11.372893,9.497647
"957",4.351784,11.404125,9.618876
"958",4.383129,11.503649,9.658297
"959",5.579202,11.000093,9.494912
"960",2.686488,11.445703,9.344387
"961",1.51773,11.380619,9.394363
"962",2.501185,11.234406,9.238124
"963",6.604298,10.929736,9.006269
"964",10.049747,10.930449,9.114516
"965",11.161421,11.066072,9.87949
"966",7.68239,11.228225,10.258936
"967",11.141702,11.102019,10.290028
"968",10.592932,11.262307,10.367666
"969",9.734407,11.576255,10.526618
"970",11.881673,11.803292,10.617174
"971",7.232284,11.445892,10.217258
"972",7.014771,11.301622,9.997179
"973",10.719902,11.525218,9.92601
"974",9.665371,12.058643,10.20157
"975",7.39672,11.999169,10.214338
"976",6.324789,11.797834,10.225392
"977",10.031585,12.120559,10.211377
"978",6.671101,12.053754,10.139269
"979",3.489122,12.032565,10.011166
"980",4.454121,11.341168,9.231342
"981",5.769081,11.059521,8.871647
"982",2.141558,0,0.506941
"983",9.692418,9.315309,12.087304
"984",12.532099,16.108292,14.033919
"985",12.26681,14.668955,13.887365
"986",12.735857,13.977515,13.472403
"987",13.05609,13.637225,13.235855
"988",12.846055,13.448217,13.114736
"989",12.444345,13.36308,13.045724
"990",12.862008,13.456133,13.162619
"991",12.017572,13.526498,13.328767
"992",10.999182,13.608471,13.290096
"993",11.127712,13.703002,13.357901
"994",12.02586,13.816065,13.426879
"995",11.214512,13.896272,13.472541
"996",11.345581,13.856426,13.463398
"997",11.503716,13.919983,13.508188
"998",11.667926,13.943213,13.509138
"999",10.593012,14.045707,13.542173
"1000",10.175059,13.990768,13.523013
"1001",10.80816,14.008392,13.589735
"1002",10.310944,13.995468,13.596415
"1003",10.799479,13.970762,13.611751
"1004",9.811543,13.949813,13.429502
"1005",8.355657,13.856444,13.353601
"1006",8.65539,13.814008,13.311235
"1007",9.500444,13.757343,13.260159
"1008",8.646255,13.550028,13.306064
"1009",7.029727,13.420974,13.261338
"1010",7.39698,13.876074,13.172516
"1011",10.87638,13.781006,12.947124
"1012",11.128716,13.783042,12.967045
"1013",10.904409,13.774724,12.856922
"1014",10.317492,13.728437,12.912277
"1015",11.017323,13.723345,12.829855
"1016",9.847508,13.685408,12.710253
"1017",9.310131,13.768919,12.564768
"1018",5.31949,13.90175,12.50656
"1019",9.634929,13.970864,12.422997
"1020",10.718678,12.99332,12.003276
"1021",10.614705,12.732077,11.49669
"1022",10.587199,12.438224,10.830158
"1023",6.78068,11.475471,9.833825
"1024",4.343474,11.433056,9.380883
"1025",4.118134,11.62886,9.682284
"1026",4.874773,11.83441,9.983664
"1027",11.531234,11.824644,9.963134
"1028",10.460606,11.498242,9.524456
"1029",6.133679,11.440639,9.317265
"1030",7.034001,11.510179,9.477777
"1031",9.394885,11.119585,9.178661
"1032",12.170017,10.95617,9.065149
"1033",12.636623,10.776457,9.432678
"1034",11.520143,10.677566,9.707233
"1035",7.977818,10.486819,9.620389
"1036",9.294319,10.619369,9.839243
"1037",11.921516,11.005648,10.217384
"1038",11.102947,11.014526,10.03773
"1039",11.782117,11.03894,9.950222
"1040",9.133891,10.866785,9.716008
"1041",10.356061,11.073593,9.349097
"1042",10.289222,11.024103,9.623219
"1043",9.726569,11.144586,9.590241
"1044",8.025479,10.758814,9.19228
"1045",7.162313,10.827269,8.768674
"1046",10.322432,10.959969,8.9793
"1047",11.883055,11.925922,9.885872
"1048",3.292134,11.879538,9.859933
"1049",6.495492,11.660243,9.603408
"1050",3.22719,11.300714,9.312454
"1051",5.619999,0,0
"1052",10.96653,16.848181,13.682278
"1053",12.378563,15.630921,13.893202
"1054",12.488761,14.325064,13.580428
"1055",12.495458,13.797234,13.243587
"1056",11.598933,13.540779,13.055244
"1057",12.050691,13.403413,12.974107
"1058",12.014576,13.479287,13.206252
"1059",11.755417,13.476207,13.174642
"1060",11.992883,13.513224,13.223948
"1061",11.953169,13.58181,13.28088
"1062",10.818828,13.701436,13.369508
"1063",9.181037,13.796268,13.437611
"1064",10.29661,13.854305,13.467689
"1065",10.308207,13.850165,13.455436
"1066",12.165811,13.890708,13.471184
"1067",11.569935,14.005031,13.531802
"1068",11.366529,14.102097,13.554681
"1069",11.734653,14.035531,13.425219
"1070",10.024368,14.03863,13.499505
"1071",8.930033,14.017923,13.537451
"1072",7.873167,13.971475,13.476068
"1073",9.557323,13.96317,13.41323
"1074",10.512775,13.834823,13.339584
"1075",11.377745,13.797058,13.430384
"1076",10.995504,13.720827,13.382303
"1077",11.105893,14.085581,13.268188
"1078",10.425316,13.973329,13.150037
"1079",6.31359,13.817557,12.94106
"1080",8.632552,13.824542,12.83896
"1081",10.467897,13.800554,12.738224
"1082",10.420737,13.827014,12.799335
"1083",8.823483,13.802207,12.84355
"1084",11.302266,13.766478,12.820171
"1085",10.16887,13.753926,12.793351
"1086",8.259232,13.833776,12.664294
"1087",5.616344,13.646078,12.211917
"1088",4.441532,13.798183,12.268863
"1089",5.283635,12.966615,11.998296
"1090",5.187319,12.786457,11.579971
"1091",5.853694,12.504891,10.818367
"1092",5.73363,12.065243,10.272689
"1093",6.695217,12.079197,10.179821
"1094",9.828163,12.064725,10.461459
"1095",9.978909,11.983525,10.597634
"1096",11.514622,11.853688,10.335409
"1097",11.530951,11.253571,9.590981
"1098",7.921531,10.967113,9.334431
"1099",11.238791,11.347801,9.338992
"1100",12.115287,11.055339,9.077503
"1101",12.059363,10.594602,9.032294
"1102",12.083407,11.030247,9.656219
"1103",7.397958,10.944524,9.856057
"1104",4.058822,10.873679,9.944311
"1105",7.106845,10.724082,9.887295
"1106",11.212064,10.577925,9.745893
"1107",12.116589,10.637073,9.694765
"1108",11.584582,10.970019,9.468191
"1109",8.122947,10.976526,9.428384
"1110",10.563474,11.003759,9.362192
"1111",9.966845,11.089782,9.29858
"1112",10.667074,10.616104,8.667593
"1113",9.448374,10.433743,8.374545
"1114",5.828697,10.315399,8.170728
"1115",8.262229,10.510135,8.465091
"1116",8.285647,11.141765,9.156722
"1117",2.995106,10.781858,8.889494
"1118",4.903429,10.84654,8.962703
"1119",2.135731,10.883713,8.913205
"1120",2.860494,0,0.417327
"1121",10.82705,15.939973,12.738751
"1122",12.525569,17.029505,13.933479
"1123",12.885788,15.308638,13.786017
"1124",12.405342,13.980702,13.389932
"1125",12.266814,13.568798,13.052806
"1126",11.469904,13.369179,12.866482
"1127",12.073876,13.337669,12.903347
"1128",12.14427,13.487614,13.153484
"1129",11.59156,13.463029,13.180799
"1130",11.586539,13.511656,13.233143
"1131",11.682087,13.594411,13.393563
"1132",8.845715,13.75262,13.410959
"1133",11.752122,13.807437,13.52635
"1134",11.292274,13.88287,13.587426
"1135",11.143197,13.876941,13.471184
"1136",9.228226,13.931558,13.481253
"1137",10.512817,14.053053,13.537281
"1138",10.867398,14.165596,13.624053
"1139",11.145898,14.11792,13.632256
"1140",9.025518,14.079191,13.435021
"1141",11.109807,14.064672,13.449383
"1142",10.903882,14.033169,13.540894
"1143",10.766791,13.967733,13.420441
"1144",11.162515,13.835561,13.339561
"1145",11.569854,13.771925,13.417433
"1146",10.847153,14.284634,13.39159
"1147",11.65363,14.109475,13.154955
"1148",10.671686,14.01025,13.106517
"1149",10.680016,13.915523,12.789153
"1150",8.745153,13.897153,12.804449
"1151",7.858048,13.897824,12.716249
"1152",7.928221,13.907097,12.732601
"1153",6.908863,13.870812,12.814889
"1154",7.188452,13.831179,12.861927
"1155",7.672727,13.835283,12.99243
"1156",7.380766,13.962498,12.983888
"1157",9.629562,13.970428,12.563395
"1158",9.506561,13.666828,12.154694
"1159",9.701624,12.978209,11.946381
"1160",7.35801,12.803478,11.602686
"1161",9.222001,12.463658,10.934021
"1162",9.917162,12.133386,10.335374
"1163",8.7211,12.332367,10.606083
"1164",10.250719,12.263659,10.816058
"1165",11.00962,12.257854,10.908664
"1166",11.143404,11.692684,10.007024
"1167",10.767655,11.55308,9.742134
"1168",10.610627,11.366455,9.519716
"1169",11.86755,10.76553,9.183371
"1170",11.417642,10.632412,9.127289
"1171",11.07573,11.166523,9.595442
"1172",12.694794,11.692245,10.614038
"1173",9.343116,11.937701,11.236657
"1174",11.213439,12.446565,11.856086
"1175",11.932602,11.675089,11.058905
"1176",12.424849,10.897655,9.948813
"1177",9.816269,10.755794,9.356704
"1178",11.262922,10.679745,9.203943
"1179",6.24102,10.760412,9.254013
"1180",5.665428,10.895554,9.284186
"1181",10.664,10.824055,9.119219
"1182",10.771752,9.912313,8.049249
"1183",7.898537,9.829069,7.777954
"1184",7.583924,10.018237,8.04884
"1185",10.931339,10.412527,8.409865
"1186",8.915794,10.567449,8.788492
"1187",2.537007,10.633715,8.894531
"1188",2.499553,10.516924,8.828942
"1189",3.415305,6.838579,2.62481
"1190",10.580239,12.703067,7.148825
"1191",12.288973,16.804888,13.807132
"1192",12.204926,15.227348,13.725382
"1193",11.791444,13.775025,13.277622
"1194",11.543489,13.419449,13.012589
"1195",12.423887,13.210958,12.838581
"1196",11.806402,13.227377,12.820361
"1197",11.916606,13.257934,12.981915
"1198",11.929095,13.352065,13.107954
"1199",11.643547,13.405899,13.238946
"1200",11.563239,13.511187,13.227727
"1201",9.251435,13.646617,13.326611
"1202",12.091774,13.772181,13.411146
"1203",12.009825,13.8941,13.46989
"1204",12.358983,13.876694,13.447165
"1205",11.873861,13.895519,13.430145
"1206",11.85997,14.015337,13.484349
"1207",10.807442,14.099462,13.538834
"1208",9.106212,14.081716,13.541867
"1209",10.649082,14.020018,13.466728
"1210",11.696305,13.967591,13.397973
"1211",10.877996,13.927534,13.388076
"1212",10.652207,14.426467,13.338696
"1213",11.663406,14.361245,13.238724
"1214",10.893017,14.313231,13.154518
"1215",10.361135,14.203607,13.200622
"1216",11.182597,14.144604,13.354518
"1217",10.724244,14.077174,13.049355
"1218",11.154896,14.014533,12.881819
"1219",11.304153,14.009404,12.802693
"1220",9.774645,13.985579,12.70888
"1221",6.525737,13.928021,12.664398
"1222",10.126608,13.408471,12.770783
"1223",8.073364,13.939488,12.887468
"1224",8.035583,13.921179,12.957058
"1225",11.196351,14.013388,12.968631
"1226",10.645584,14.15922,12.879333
"1227",9.882608,13.882493,12.29773
"1228",9.642093,12.87043,11.732292
"1229",9.45575,12.844991,11.538527
"1230",9.571765,12.56849,11.052209
"1231",10.615622,12.157852,10.446912
"1232",10.054566,12.272551,10.738642
"1233",10.576098,12.478216,11.057303
"1234",11.690284,12.207349,10.679086
"1235",9.22761,11.689507,9.899376
"1236",8.30477,11.62502,9.890236
"1237",12.486089,11.517644,9.65443
"1238",13.151989,10.947559,9.119596
"1239",14.243613,10.670105,9.033966
"1240",12.214775,11.353625,9.955704
"1241",11.820953,11.880118,11.038509
"1242",11.575871,12.395992,11.76696
"1243",13.781048,13.264296,12.598961
"1244",14.422544,12.084291,11.508577
"1245",13.781262,11.146958,10.115099
"1246",13.402957,10.464189,9.391325
"1247",8.795006,10.640859,9.097245
"1248",3.488381,10.597432,9.051329
"1249",4.19713,10.638227,8.991496
"1250",8.091479,10.602379,8.819683
"1251",8.508441,9.410625,7.575444
"1252",6.605464,9.115955,7.222688
"1253",5.638733,9.390965,7.5781
"1254",6.507938,9.758913,7.918596
"1255",4.979027,10.357733,8.595324
"1256",4.599723,10.46259,8.819153
"1257",6.578906,8.442886,3.24194
"1258",10.891851,14.798172,12.046934
"1259",12.151381,16.590143,13.966021
"1260",12.690608,15.809305,13.895318
"1261",11.266492,14.727403,13.445165
"1262",11.26779,13.587727,13.16919
"1263",11.434136,13.373687,12.972886
"1264",12.045991,13.231142,12.742329
"1265",10.89776,13.087169,12.725027
"1266",11.133592,13.208183,12.961557
"1267",10.14214,13.264812,13.126607
"1268",9.455126,13.416662,13.332997
"1269",11.560709,13.574022,13.261983
"1270",12.155998,13.748142,13.341894
"1271",12.403897,13.825415,13.639111
"1272",12.199781,13.824191,13.632634
"1273",11.84329,13.928711,13.421262
"1274",12.395278,14.058081,13.486202
"1275",12.235594,14.094131,13.486024
"1276",12.401629,14.104053,13.500657
"1277",12.371256,14.047653,13.450018
"1278",11.749818,13.982581,13.373419
"1279",11.238551,14.482255,13.35818
"1280",11.02495,14.438662,13.306619
"1281",11.339352,14.380219,13.157783
"1282",10.631017,14.330543,13.051409
"1283",10.436387,14.201316,13.068265
"1284",10.800566,14.192327,13.028876
"1285",10.86993,14.141464,13.04993
"1286",11.091141,14.139167,13.022804
"1287",10.905127,14.062665,12.868671
"1288",10.625598,14.009934,12.710568
"1289",10.615689,14.028793,12.741177
"1290",9.117817,13.44361,12.745547
"1291",8.682654,13.436753,12.797199
"1292",11.087124,13.987986,12.922359
"1293",10.744531,14.07484,12.913548
"1294",10.130461,14.140962,12.742136
"1295",10.152383,14.038778,12.466585
"1296",10.035367,13.21151,12.15273
"1297",10.096393,12.906713,11.645271
"1298",10.794776,12.610444,11.047835
"1299",10.577063,12.294578,10.646941
"1300",10.838599,12.065632,10.397799
"1301",11.826543,12.069571,10.371176
"1302",11.402917,11.923469,10.256459
"1303",11.254948,11.92709,10.498622
"1304",13.251021,12.106276,10.811304
"1305",13.648427,11.633811,9.782674
"1306",13.144484,10.9028,9.002445
"1307",11.712574,10.982136,9.044946
"1308",12.462454,11.508311,10.171591
"1309",13.462515,11.673638,10.615825
"1310",11.641103,12.205267,11.480536
"1311",13.808852,12.503452,11.818053
"1312",13.650017,11.70365,10.816148
"1313",13.668579,11.043673,9.891774
"1314",13.684089,10.647671,9.377844
"1315",12.913576,10.659071,8.916051
"1316",9.039843,10.034638,8.732248
"1317",2.754905,9.92015,8.603057
"1318",6.954467,9.878677,8.448617
"1319",5.729027,9.68266,7.548566
"1320",5.026406,9.47727,7.448956
"1321",2.870328,9.42514,7.446299
"1322",5.816023,9.456712,7.475293
"1323",6.515487,10.058804,8.090317
"1324",5.798377,0,0
"1325",6.403554,8.605445,4.556669
"1326",10.800914,15.41687,13.283158
"1327",11.950604,14.921453,13.244101
"1328",13.113505,16.054445,13.556708
"1329",12.511157,14.810216,13.20334
"1330",11.310654,14.164798,12.922304
"1331",10.266248,13.31298,12.708135
"1332",11.467032,13.092297,12.620954
"1333",11.681892,13.051921,12.764092
"1334",9.398974,13.177997,12.918294
"1335",11.161147,13.402827,13.099409
"1336",11.640615,13.525257,13.300737
"1337",12.256376,13.729007,13.409077
"1338",12.513994,13.793826,13.426888
"1339",12.3722,13.896403,13.365853
"1340",12.465075,13.977695,13.407888
"1341",12.666097,14.618187,13.483248
"1342",12.217742,14.667077,13.418109
"1343",12.305935,14.68944,13.441379
"1344",12.250608,14.089469,13.413232
"1345",11.558063,14.552548,13.323531
"1346",11.247179,14.481319,13.188482
"1347",11.448361,13.865915,13.043518
"1348",10.802154,14.380213,13.070324
"1349",10.626364,14.254739,12.962702
"1350",10.483505,14.272498,12.953451
"1351",10.748674,14.254516,12.961519
"1352",11.086264,14.254045,13.082944
"1353",11.138881,14.227297,13.166101
"1354",11.298718,14.139507,12.902216
"1355",10.772182,14.071044,12.731783
"1356",9.775332,14.096933,12.765735
"1357",9.106997,14.013634,12.686859
"1358",10.681505,13.772596,12.407331
"1359",10.611033,13.449784,12.154966
"1360",10.142667,13.656244,12.263724
"1361",9.349137,13.860669,12.382697
"1362",10.109351,13.894107,12.379113
"1363",10.437674,13.78148,12.264996
"1364",10.39782,12.961034,11.915016
"1365",10.778167,12.58077,11.181763
"1366",11.037536,11.973997,10.452972
"1367",12.361832,11.950206,10.185699
"1368",12.160921,11.985203,10.264971
"1369",11.657051,12.005004,10.342627
"1370",12.499631,11.917305,10.5093
"1371",13.510216,11.772848,10.375355
"1372",13.701083,11.661821,9.815924
"1373",13.524631,10.999991,9.02496
"1374",12.709888,11.318707,9.171927
"1375",13.46842,11.828331,10.376039
"1376",13.829516,11.964736,10.707972
"1377",11.83435,12.258101,11.294299
"1378",13.750428,12.648431,11.670215
"1379",13.647228,11.732626,10.346096
"1380",13.519897,11.093658,9.756209
"1381",12.706942,10.787485,9.280369
"1382",11.34623,10.526457,8.933321
"1383",8.39381,10.019352,8.575923
"1384",2.857546,10.256638,8.423652
"1385",4.49789,10.042925,8.118085
"1386",2.89938,9.556626,7.346926
"1387",3.323028,9.657027,7.449417
"1388",2.874247,9.845076,7.524423
"1389",6.003987,9.646261,7.244261
"1390",7.712431,8.661437,6.608598
"1391",2.432196,0,0
"1392",2.146125,0,0
"1393",5.386542,0,0
"1394",8.035258,0,0
"1395",11.947938,5.63986,2.598801
"1396",12.315166,7.632076,3.173224
"1397",10.536131,14.510464,12.653217
"1398",11.841544,14.131797,12.620375
"1399",11.489713,13.84024,12.669744
"1400",8.899585,13.196346,12.772864
"1401",9.765409,13.317751,12.931685
"1402",11.85679,13.472199,13.086937
"1403",12.580619,13.638912,13.219391
"1404",12.830612,13.792124,13.313662
"1405",12.981043,13.813972,13.303306
"1406",12.847713,14.480185,13.311085
"1407",12.79517,14.513213,13.231235
"1408",12.65982,14.584648,13.198657
"1409",12.491101,14.550514,13.065427
"1410",12.622869,14.607898,13.199766
"1411",12.474063,14.6495,13.313735
"1412",11.819479,14.576807,13.249844
"1413",11.577931,14.369502,12.936664
"1414",10.672688,14.12856,12.68194
"1415",10.893313,14.236807,12.819773
"1416",10.624582,14.379142,13.018662
"1417",10.445547,14.337452,12.987967
"1418",10.650893,14.308191,13.160297
"1419",10.964996,14.335447,13.150431
"1420",10.437101,14.285254,13.055161
"1421",9.263146,14.110331,12.749168
"1422",9.435277,13.887715,12.457796
"1423",9.343035,14.054092,12.635281
"1424",10.754474,13.837914,12.393286
"1425",11.060287,13.251066,11.83322
"1426",10.2524,12.824903,11.506565
"1427",9.121841,13.419218,12.001185
"1428",10.168756,13.562511,12.130142
"1429",10.052689,13.522171,12.060439
"1430",10.395265,13.338177,11.902057
"1431",10.698601,12.171571,11.309892
"1432",10.938877,11.834018,10.484391
"1433",11.517651,11.919122,10.376466
"1434",11.810278,12.001085,10.604311
"1435",10.848012,12.094419,10.752772
"1436",13.145329,12.065554,10.46925
"1437",13.929159,11.52727,9.750554
"1438",13.68586,11.231618,9.590529
"1439",14.29041,11.331272,9.502231
"1440",13.719355,11.131828,9.099919
"1441",12.282154,11.55878,9.806044
"1442",13.845095,12.045736,10.390018
"1443",13.457,12.249542,10.828753
"1444",12.301788,12.638663,11.679903
"1445",14.113084,13.160416,12.082985
"1446",13.581674,12.623678,11.189964
"1447",12.169386,11.721372,9.839069
"1448",13.526903,11.199909,9.404987
"1449",11.242111,10.609797,8.86941
"1450",7.307932,10.078097,8.390246
"1451",3.772057,10.348588,8.276075
"1452",4.126311,9.785031,7.929842
"1453",3.069663,9.217536,7.28722
"1454",2.75354,9.82549,7.404383
"1455",2.405246,9.937418,7.447057
"1456",2.988663,9.915893,7.20671
"1457",1.979837,0,0
"1458",4.595084,0,0.952829
"1459",3.404396,0,1.212546
"1460",8.98103,5.872262,2.576787
"1461",11.283753,0,0.485196
"1462",11.684944,15.43944,13.080609
"1463",11.848323,14.372298,12.544457
"1464",10.435841,14.116854,12.701884
"1465",10.979817,14.00371,12.933766
"1466",11.463647,13.490987,12.99616
"1467",12.120084,13.679545,13.138302
"1468",13.041929,13.671571,13.153829
"1469",13.066812,13.869382,13.238425
"1470",12.739256,14.514671,13.276738
"1471",12.922896,14.656592,13.348876
"1472",13.180424,14.699868,13.332717
"1473",12.746716,14.732155,13.246158
"1474",12.448564,14.380386,12.798934
"1475",12.774816,14.069171,12.441926
"1476",12.867246,14.325697,12.772395
"1477",11.518655,14.295044,12.811438
"1478",10.605055,13.993525,12.532749
"1479",10.75564,13.992312,12.531033
"1480",10.885823,14.130868,12.660024
"1481",11.054476,14.370447,12.938929
"1482",11.057797,14.411128,13.011866
"1483",10.640351,14.453123,13.202011
"1484",10.280727,14.450983,13.213884
"1485",10.33695,14.418123,13.193404
"1486",9.826482,13.940914,12.482904
"1487",10.79567,13.407618,11.914603
"1488",10.841592,13.398395,11.920428
"1489",10.659497,13.412827,11.916368
"1490",8.892039,13.510791,12.006948
"1491",9.102842,13.758373,12.259055
"1492",10.733093,13.796587,12.325032
"1493",10.402627,13.45435,12.028155
"1494",9.970163,13.295756,11.892688
"1495",10.573094,13.039045,11.676088
"1496",10.756377,11.876589,10.897156
"1497",11.105284,11.901368,10.546994
"1498",11.110144,12.132385,10.665325
"1499",10.34709,12.107347,10.845643
"1500",13.301584,12.27817,11.01701
"1501",13.883767,11.945079,10.416046
"1502",14.226443,11.187019,9.536278
"1503",13.617664,11.002525,9.503444
"1504",13.999104,11.168858,9.505936
"1505",13.206228,11.393837,9.313609
"1506",12.826568,11.668946,9.812052
"1507",13.475593,12.268616,10.497573
"1508",13.033012,12.673054,11.184185
"1509",12.254345,12.933005,11.804007
"1510",8.842306,12.966745,11.778484
"1511",8.927784,13.15363,11.680728
"1512",8.296078,13.105412,11.618345
"1513",12.897303,11.842389,9.793746
"1514",11.384663,10.899771,8.802994
"1515",3.501282,10.232037,7.895834
"1516",2.75532,10.075084,7.718646
"1517",1.99946,10.102539,7.731502
"1518",2.812706,9.814574,7.602801
"1519",2.55563,9.695925,7.526756
"1520",2.376935,9.545895,7.396078
"1521",1.277449,0,0.914083
"1522",4.925795,0,1.142097
"1523",11.733088,0,1.171881
"1524",9.442135,0,0
"1525",9.10586,0,0.997822
"1526",12.837624,14.693154,12.578192
"1527",10.894182,14.104734,12.277241
"1528",12.625449,14.139859,12.631615
"1529",13.034993,14.239584,12.994314
"1530",13.081347,13.874285,13.195247
"1531",12.952065,13.753724,13.12708
"1532",12.630028,14.401581,12.964028
"1533",13.123863,14.586535,13.181111
"1534",13.082453,14.698825,13.330843
"1535",12.721849,14.714186,13.320315
"1536",12.516792,14.705291,13.223366
"1537",12.005316,14.45202,12.838198
"1538",11.603311,13.84854,12.196497
"1539",11.811242,13.774092,12.150129
"1540",10.671177,13.952651,12.391799
"1541",10.984902,13.854487,12.358132
"1542",11.454935,13.914825,12.422581
"1543",11.243361,13.937133,12.438725
"1544",11.036331,13.619559,12.111442
"1545",10.56123,13.55814,12.04593
"1546",10.22951,14.257999,12.73997
"1547",10.47168,14.378689,12.909397
"1548",10.119303,14.225409,12.670072
"1549",10.432411,13.42458,11.975118
"1550",10.920649,12.968395,11.585774
"1551",10.8487,11.978003,11.020167
"1552",10.129666,12.48525,11.589661
"1553",9.649987,14.203449,12.62128
"1554",10.092364,14.408904,12.982421
"1555",9.817713,14.237333,12.798903
"1556",10.069264,13.494081,12.062711
"1557",10.141298,13.289323,11.900202
"1558",10.746115,12.521433,11.674328
"1559",11.013635,11.909747,10.873461
"1560",11.136521,11.884748,10.512929
"1561",10.086866,12.050593,10.614095
"1562",10.411714,12.105837,10.757285
"1563",13.159052,12.38781,11.110041
"1564",13.735356,12.196583,10.757628
"1565",14.02673,11.479164,9.837317
"1566",13.510975,11.129416,9.626336
"1567",12.476491,11.197935,9.68517
"1568",13.045644,11.393427,9.690177
"1569",13.236841,11.865175,10.211756
"1570",13.100733,12.261889,10.482209
"1571",13.351081,12.778278,11.146643
"1572",13.512115,12.940552,11.293075
"1573",9.527228,12.88486,11.307907
"1574",5.224107,12.825262,11.068615
"1575",3.462794,13.071522,11.496614
"1576",7.835798,12.608008,10.411036
"1577",2.989542,10.837872,8.311835
"1578",2.167594,10.324043,7.668321
"1579",3.130008,10.169282,7.519127
"1580",2.865815,10.180164,7.677787
"1581",2.836974,10.3291,7.853946
"1582",2.089856,9.979053,7.83523
"1583",1.981064,10.215433,7.510234
"1584",0.916968,0,0
"1585",1.416371,0,0.257958
"1586",9.688138,5.826881,3.625736
"1587",10.366891,0,3.327815
"1588",12.499669,0,0
"1589",13.157295,0,1.806699
"1590",10.153776,10.157526,8.575243
"1591",13.86116,12.49091,12.068419
"1592",13.489768,14.679342,13.09801
"1593",13.762156,14.662498,13.252801
"1594",12.656456,14.601355,13.125652
"1595",11.22847,14.375302,12.799052
"1596",12.158893,14.54495,12.988297
"1597",12.230549,14.726443,13.276923
"1598",13.467525,14.800823,13.311649
"1599",13.734936,14.593946,12.96967
"1600",13.07333,14.256183,12.600347
"1601",12.727547,14.069606,12.394917
"1602",12.540226,14.035276,12.330699
"1603",11.611958,14.074396,12.433356
"1604",11.211819,13.858702,12.312023
"1605",11.347384,13.523469,12.083709
"1606",11.100918,13.105561,11.740045
"1607",10.817248,12.29058,11.42354
"1608",10.716564,12.265508,11.402133
"1609",10.453884,12.286707,11.39875
"1610",10.259508,12.958739,11.574311
"1611",9.467733,12.959899,11.559868
"1612",11.167567,12.961307,11.544449
"1613",10.862591,12.06453,10.976285
"1614",10.157728,12.356039,10.597053
"1615",9.099949,12.038265,10.905842
"1616",10.465071,12.80564,11.850854
"1617",10.418691,14.075984,12.484112
"1618",10.216003,13.56938,12.071344
"1619",9.943413,13.468864,12.009489
"1620",10.473467,13.517676,12.082957
"1621",10.397246,13.479713,12.025227
"1622",11.546447,12.243029,11.280828
"1623",11.13811,11.73526,10.432844
"1624",11.062537,11.656939,10.177522
"1625",8.377089,12.023293,10.598949
"1626",12.416067,12.66703,11.100574
"1627",14.124799,12.522507,10.918393
"1628",14.329119,12.405883,10.285984
"1629",13.774014,12.042952,9.980432
"1630",11.865495,11.959078,9.95809
"1631",13.320405,12.006406,10.01902
"1632",13.784134,12.419899,10.504765
"1633",13.080267,12.564688,10.592726
"1634",13.305134,12.605616,10.758085
"1635",11.590694,12.763627,10.751924
"1636",11.834908,12.819239,10.882317
"1637",11.666831,12.73646,10.690268
"1638",11.882642,12.805174,10.665923
"1639",7.667471,12.326454,9.668853
"1640",3.463566,11.09211,8.970695
"1641",2.785257,10.63892,8.358105
"1642",3.244233,10.40087,8.225778
"1643",2.845685,10.727119,8.550965
"1644",1.942816,10.562449,8.269079
"1645",1.907975,10.465726,7.918925
"1646",1.021217,0,0.230219
"1647",6.024242,0,1.842019
"1648",11.515957,12.48611,7.587253
"1649",14.096185,15.348088,12.975034
"1650",13.813952,14.061867,12.238256
"1651",11.603264,10.312213,9.207636
"1652",10.799184,10.717799,10.576263
"1653",13.121326,14.412199,12.592863
"1654",13.714929,14.79308,13.192607
"1655",12.832851,14.613332,12.970728
"1656",10.534363,14.112469,12.444058
"1657",12.434772,14.378155,12.660969
"1658",13.293469,14.713214,13.066234
"1659",13.365394,14.45529,12.728741
"1660",13.151103,13.363696,11.873923
"1661",12.88479,13.110718,11.635423
"1662",13.021339,13.253707,11.76421
"1663",12.830229,13.24523,11.764627
"1664",12.305944,12.134675,10.964113
"1665",11.486137,12.613991,11.030952
"1666",11.280941,12.303926,10.635292
"1667",10.121126,12.122216,10.452856
"1668",9.95169,11.821736,10.787455
"1669",9.532091,11.920252,10.95601
"1670",9.773318,11.878411,10.831166
"1671",10.100013,12.40906,10.767321
"1672",10.586419,12.118409,11.020387
"1673",11.06084,12.085961,10.941934
"1674",9.553692,11.913037,10.505956
"1675",8.702291,12.37053,10.471635
"1676",9.465564,12.41232,10.559221
"1677",10.53579,11.954667,10.712215
"1678",10.542128,12.198841,11.13004
"1679",10.338251,12.380997,11.496362
"1680",9.848175,13.322283,11.92532
"1681",10.803543,13.633771,12.202133
"1682",11.973352,13.780571,12.283876
"1683",11.888175,12.657328,11.736664
"1684",11.413024,11.754273,10.393246
"1685",11.19906,11.816055,10.321739
"1686",11.015182,11.958895,10.51765
"1687",11.379585,12.446643,10.848356
"1688",13.184536,13.188998,10.846433
"1689",13.80704,12.524345,10.35655
"1690",13.880052,12.17945,10.079145
"1691",11.660851,12.066355,10.030635
"1692",12.983493,12.003613,10.00489
"1693",13.838438,12.057398,10.013262
"1694",13.453506,12.461782,10.49524
"1695",12.382767,12.295425,10.500766
"1696",10.761547,12.490073,10.279512
"1697",12.149506,12.705484,10.438667
"1698",10.542315,12.687783,10.316196
"1699",11.08478,12.289294,10.086233
"1700",6.188551,11.453926,9.474543
"1701",3.97727,11.709826,9.436459
"1702",2.306132,11.419945,9.137799
"1703",2.082756,11.16916,8.897546
"1704",2.048002,11.310551,8.900751
"1705",1.302725,11.16967,8.55137
"1706",2.310379,0,0
"1707",8.332314,15.551386,10.956792
"1708",12.093752,17.091562,14.189675
"1709",13.014243,16.322031,14.126493
"1710",13.029828,15.505162,13.501678
"1711",7.760491,10.815862,7.844769
"1712",11.018858,11.636021,9.819148
"1713",13.513647,13.921628,12.466139
"1714",12.74039,12.878028,11.880373
"1715",11.887802,12.577379,11.625684
"1716",12.630814,12.751688,11.729259
"1717",13.482054,13.061139,11.992126
"1718",13.549913,12.95195,11.866656
"1719",11.618768,12.511611,11.317751
"1720",11.777385,12.70599,10.742985
"1721",12.64981,12.688772,10.717975
"1722",12.081764,11.94748,10.273551
"1723",12.94418,11.572883,9.753939
"1724",12.69416,12.159034,9.980547
"1725",11.421525,12.054989,10.199773
"1726",10.47532,12.029687,10.279091
"1727",10.945801,12.223233,10.388178
"1728",10.73321,12.106426,10.322942
"1729",9.765192,11.9596,10.1543
"1730",9.936376,11.96387,10.110526
"1731",10.273663,12.197082,10.271099
"1732",10.43627,11.847788,10.412617
"1733",9.679099,11.93666,10.404303
"1734",9.332808,11.897488,10.337566
"1735",9.739779,11.937999,10.476756
"1736",10.76535,12.030071,10.622536
"1737",6.768283,12.214471,10.943175
"1738",9.861974,12.42602,11.395372
"1739",10.504783,13.313614,11.916317
"1740",11.048962,13.744506,12.262781
"1741",11.651426,13.78141,12.298067
"1742",11.890488,12.796768,11.943359
"1743",11.925645,11.853056,10.441916
"1744",11.016039,11.798856,10.28558
"1745",10.688354,11.869637,10.362381
"1746",12.185385,12.298504,10.612761
"1747",10.601024,13.012366,10.624837
"1748",10.623985,12.696553,10.274408
"1749",13.114983,12.47505,10.136072
"1750",11.382119,12.32022,10.078698
"1751",12.671524,12.144814,10.005118
"1752",13.757259,12.262036,10.057621
"1753",12.828133,12.09576,9.995921
"1754",12.680936,12.197156,9.893137
"1755",11.322095,12.255148,10.06993
"1756",10.76925,12.292866,9.561067
"1757",10.882191,12.096626,9.742384
"1758",9.219894,11.391969,9.413409
"1759",7.06326,11.956395,9.536987
"1760",2.38632,11.755332,9.436597
"1761",2.115948,11.449591,9.106473
"1762",1.935739,11.09576,8.750614
"1763",1.793754,11.376845,8.768563
"1764",1.350884,11.011358,8.473056
"1765",0.966829,0,0
"1766",4.581752,15.956791,10.821784
"1767",11.299204,17.486254,14.353279
"1768",12.382253,16.827415,14.412093
"1769",12.599143,16.024904,14.113425
"1770",9.964622,13.60316,12.258933
"1771",9.231221,11.580549,9.217306
"1772",12.501227,11.889284,9.327421
"1773",13.243152,11.297124,9.147182
"1774",12.346183,11.267087,9.319157
"1775",13.496832,11.755193,9.867499
"1776",14.190764,12.151305,10.443836
"1777",13.658768,12.737598,11.495888
"1778",12.872099,12.46358,10.95628
"1779",13.465356,12.815415,10.667533
"1780",12.971937,12.608104,10.292524
"1781",11.211217,11.89289,9.896645
"1782",11.376101,11.738384,9.77521
"1783",12.374863,12.110106,9.799795
"1784",11.105297,12.049313,10.092657
"1785",8.576525,12.080541,10.194493
"1786",10.729406,12.140426,10.191319
"1787",10.926316,11.964916,10.03994
"1788",10.074892,11.86934,9.982553
"1789",9.063775,11.902763,9.896356
"1790",9.660667,12.086884,9.94839
"1791",9.747247,11.796652,10.260799
"1792",6.359198,11.917282,10.332588
"1793",8.061176,11.989407,10.316496
"1794",10.757406,12.075551,10.52281
"1795",9.057822,12.174599,10.663218
"1796",6.889232,12.309926,10.784655
"1797",9.46161,12.393331,11.074395
"1798",9.755411,12.548929,11.583812
"1799",11.433757,12.766469,11.871759
"1800",11.861478,12.381318,11.385915
"1801",11.980865,11.714926,10.298849
"1802",11.061261,11.643545,9.612772
"1803",11.106652,11.341619,9.739057
"1804",10.368132,11.640579,10.023562
"1805",10.703165,12.367699,10.20348
"1806",11.193211,12.3179,9.988948
"1807",11.599875,12.380167,9.953206
"1808",11.625587,12.510329,10.060802
"1809",11.230782,12.503223,10.068671
"1810",9.831946,12.456985,10.059034
"1811",13.448829,12.378397,10.034057
"1812",13.152727,12.269534,10.005265
"1813",13.11871,12.197567,9.9203
"1814",12.3889,12.121166,9.681134
"1815",10.495338,11.552362,9.428649
"1816",11.197927,11.611858,9.403483
"1817",11.189285,11.808562,9.36953
"1818",7.110376,11.905077,9.472653
"1819",5.028925,11.528051,9.315149
"1820",2.81008,11.317803,9.095018
"1821",1.803031,11.156507,8.87746
"1822",2.033701,11.429495,8.785963
"1823",2.949221,0,2.850098
"1824",9.131248,18.241093,13.662779
"1825",10.864449,17.422155,14.410748
"1826",13.804777,16.825562,14.277314
"1827",12.067061,13.641252,12.040379
"1828",10.718862,12.581314,10.808712
"1829",12.52766,12.308651,10.016064
"1830",13.853362,11.626116,9.415273
"1831",13.27367,11.95163,9.849168
"1832",14.256199,12.001113,9.905041
"1833",14.229727,12.040699,9.931199
"1834",13.855908,12.469388,10.866287
"1835",13.576344,12.522533,10.813159
"1836",13.391033,12.836963,10.566184
"1837",12.575846,12.19237,10.187116
"1838",11.282222,12.057299,9.97821
"1839",10.537696,12.000658,9.993954
"1840",11.008459,11.669675,9.67069
"1841",11.46203,12.011525,9.729994
"1842",9.628247,11.944904,9.847474
"1843",11.381259,11.993243,9.777818
"1844",11.492909,11.868531,9.651896
"1845",11.221605,11.885414,9.653526
"1846",11.035112,11.922405,9.59284
"1847",9.208285,11.975384,9.599983
"1848",9.09426,11.663754,9.933651
"1849",10.114792,11.887781,10.163817
"1850",8.367028,12.425247,10.137516
"1851",10.239909,12.175899,10.390928
"1852",10.528868,12.285114,10.548978
"1853",10.919208,12.242371,10.569887
"1854",11.405946,12.433169,10.810116
"1855",10.518092,12.092445,10.539217
"1856",11.654871,11.67262,10.093149
"1857",11.97747,11.731894,9.565739
"1858",11.215092,11.392601,9.320378
"1859",11.463761,11.332289,9.215898
"1860",11.589195,11.460252,9.289928
"1861",13.076092,11.726208,9.416048
"1862",10.766514,11.641617,9.476494
"1863",10.173545,11.878534,9.604925
"1864",10.406664,12.031959,9.686082
"1865",11.231233,12.277981,9.858932
"1866",10.606596,12.489395,9.984394
"1867",7.174881,12.483258,9.985966
"1868",12.584862,12.31311,9.960766
"1869",13.116074,12.179692,9.908127
"1870",12.948449,12.158543,9.800862
"1871",12.697465,12.166197,9.697474
"1872",11.152826,11.864868,9.561972
"1873",12.139744,11.584228,9.187085
"1874",7.25784,11.557421,8.908828
"1875",7.455112,11.447702,9.04766
"1876",4.173671,11.339663,9.255112
"1877",2.71821,11.455707,9.441075
"1878",1.81169,11.553259,9.479986
"1879",2.364369,0,2.834362
"1880",7.542965,17.646015,12.724462
"1881",13.35146,16.572466,13.688163
"1882",13.215187,14.202699,12.712879
"1883",11.286153,14.322132,12.925479
"1884",13.212191,13.628686,12.354357
"1885",14.660061,12.760189,11.05574
"1886",14.357366,12.873382,11.407153
"1887",14.660656,12.667427,10.810731
"1888",14.373398,12.423116,10.352237
"1889",14.109209,12.440191,10.389885
"1890",13.923182,12.714378,10.075609
"1891",14.140293,12.246187,9.733682
"1892",13.679921,12.247662,9.665919
"1893",13.244888,12.031099,9.783929
"1894",12.008964,11.949083,9.718317
"1895",7.964096,11.450883,9.291844
"1896",5.007835,11.219815,9.131772
"1897",7.005666,11.637865,9.153673
"1898",9.006363,11.906556,9.463486
"1899",9.681581,11.794817,9.414381
"1900",9.862729,11.642089,9.213355
"1901",9.021628,11.576952,9.123741
"1902",10.583179,11.789234,9.312349
"1903",10.795607,11.950865,9.592192
"1904",10.546583,12.204534,9.900493
"1905",6.862804,12.188267,9.889252
"1906",7.032336,12.259279,9.914914
"1907",8.975811,12.169538,9.854534
"1908",11.24167,11.793737,9.931116
"1909",11.785707,11.971677,9.990827
"1910",11.745852,11.802944,9.514188
"1911",12.322428,11.521253,9.274234
"1912",12.081492,11.410198,9.137402
"1913",12.035235,11.439373,9.184568
"1914",12.513078,11.583813,9.258937
"1915",10.276407,11.540476,9.24903
"1916",11.020443,11.795837,9.387183
"1917",8.707129,11.839542,9.480021
"1918",8.831348,11.938547,9.579285
"1919",4.825849,11.862689,9.559949
"1920",7.316799,11.896561,9.63256
"1921",8.212718,12.264089,9.898689
"1922",6.494698,12.405519,9.981922
"1923",11.545739,12.30794,9.931584
"1924",12.524762,12.156257,9.808085
"1925",10.841815,11.918312,9.592939
"1926",10.536668,11.741251,9.498474
"1927",9.725113,11.656504,9.442181
"1928",11.696388,11.326546,9.006472
"1929",7.638293,11.121308,8.52706
"1930",4.82502,10.866203,8.428057
"1931",4.109918,10.959452,8.784031
"1932",2.147743,11.344667,9.306888
"1933",1.790993,11.616318,9.485216
"1934",0.911238,0,0
"1935",5.008413,14.287991,9.216682
"1936",11.751958,16.637136,13.535467
"1937",13.408545,15.696079,13.861865
"1938",11.980072,15.614158,13.767558
"1939",13.45272,13.49002,12.214821
"1940",14.657814,12.98223,11.706437
"1941",14.761964,13.12622,11.884259
"1942",14.461091,12.866335,11.276358
"1943",14.806517,12.730445,10.788879
"1944",14.657222,12.723433,9.970095
"1945",14.913013,12.124853,9.375528
"1946",14.431259,12.055195,9.284014
"1947",14.187684,11.939128,9.303103
"1948",13.85632,11.930203,9.326717
"1949",13.018758,11.842976,9.154498
"1950",10.254077,11.185266,8.940332
"1951",5.187728,10.934549,8.687525
"1952",7.186594,11.000274,8.824432
"1953",11.314084,11.756303,9.243322
"1954",11.396373,11.597762,9.108091
"1955",11.082355,11.134415,8.631246
"1956",8.531269,11.063735,8.538025
"1957",10.384746,11.522585,8.9158
"1958",11.13588,11.938052,9.395707
"1959",9.021835,12.351315,9.915733
"1960",7.857549,12.240442,9.823168
"1961",4.886369,12.199132,9.71344
"1962",3.925088,12.063457,9.603781
"1963",10.584795,11.92496,9.458059
"1964",11.326811,11.735051,9.272616
"1965",11.452775,11.617772,9.260142
"1966",12.072541,11.587403,9.221325
"1967",12.096765,11.505261,9.11627
"1968",10.615991,11.527515,9.160163
"1969",10.735169,11.708036,9.26748
"1970",9.33112,11.631662,9.211114
"1971",10.687181,11.712113,9.300723
"1972",9.578142,11.8849,9.444437
"1973",8.404027,12.084293,9.578521
"1974",5.304651,12.109935,9.605403
"1975",3.640621,11.781561,9.512674
"1976",2.713808,11.756792,9.559731
"1977",5.578249,11.946589,9.663365
"1978",9.167651,12.201033,9.761312
"1979",8.894988,12.028347,9.615652
"1980",11.029269,11.680576,9.44132
"1981",7.091924,11.738059,9.488318
"1982",5.347416,11.615455,9.3619
"1983",6.515643,11.344621,8.97043
"1984",4.478275,11.041224,8.412255
"1985",4.953707,10.469816,8.042553
"1986",1.565784,10.65365,8.241808
"1987",2.017417,11.144405,8.833531
"1988",2.764212,9.750264,5.927284
"1989",9.541167,15.389316,11.960218
"1990",11.371758,16.256536,13.644029
"1991",12.145447,14.318972,12.194653
"1992",12.605274,10.633754,8.203486
"1993",14.069698,10.986275,9.045872
"1994",14.890965,12.800887,11.67169
"1995",14.502835,13.417429,12.246165
"1996",14.853121,13.113698,11.601629
"1997",14.375319,12.88274,9.98131
"1998",14.892475,12.307029,9.283011
"1999",14.731617,12.330493,9.26209
"2000",14.010593,12.367486,9.323932
"2001",12.467044,12.392068,9.475946
"2002",10.132187,12.227144,9.417599
"2003",8.969502,11.977531,9.148489
"2004",10.904147,11.101649,8.77416
"2005",11.922827,11.290672,8.629305
"2006",11.368292,11.38552,8.954041
"2007",10.117208,11.211838,8.812995
"2008",9.414561,10.926584,8.426753
"2009",7.129495,10.945157,8.409196
"2010",10.995456,10.80991,8.421144
"2011",12.078622,11.488346,8.635479
"2012",12.099288,12.551682,9.714093
"2013",12.092731,12.365932,9.65998
"2014",5.093187,11.889415,9.139603
"2015",2.764138,11.907288,9.350959
"2016",5.550263,11.737831,9.226636
"2017",10.705649,11.681893,9.175673
"2018",11.87751,11.634722,9.188898
"2019",12.655311,11.584208,9.169141
"2020",12.905258,11.526958,9.085896
"2021",11.614717,11.505919,9.046929
"2022",9.264282,11.485865,9.042912
"2023",10.766984,11.519415,9.100502
"2024",9.258944,11.504591,9.177412
"2025",9.708531,11.6367,9.252848
"2026",8.845449,11.898789,9.361543
"2027",7.675008,11.80937,9.30388
"2028",3.964695,11.533801,9.243896
"2029",3.570701,11.702993,9.35507
"2030",7.054463,11.78251,9.378714
"2031",9.243171,11.9076,9.474238
"2032",9.955577,11.678726,9.377253
"2033",9.526903,11.595029,9.362387
"2034",4.968637,11.732653,9.463305
"2035",4.114692,11.55604,9.283168
"2036",2.163167,11.039246,8.749927
"2037",4.206336,10.650305,8.154517
"2038",2.692676,10.224063,7.774926
"2039",2.42041,10.255344,7.780691
"2040",6.750254,16.385063,11.588799
"2041",8.716035,16.327906,12.716984
"2042",11.432419,12.260765,10.353227
"2043",11.942691,11.484936,9.068098
"2044",14.486126,11.836465,9.40958
"2045",14.485665,12.282882,11.283401
"2046",14.58901,12.594309,11.466199
"2047",14.406513,14.977089,12.918873
"2048",14.290255,15.991208,13.501742
"2049",14.436093,13.467833,10.084988
"2050",14.730602,12.562913,9.260331
"2051",14.322462,12.59365,9.347518
"2052",13.323792,12.752573,9.595837
"2053",10.974461,12.753085,9.749079
"2054",12.666321,12.400625,9.478792
"2055",11.609761,11.895401,9.099493
"2056",10.747703,11.470752,8.89862
"2057",9.131144,11.373204,8.927971
"2058",7.774848,11.233902,8.801245
"2059",9.452662,11.000144,8.522913
"2060",9.02467,11.018831,8.471805
"2061",10.481956,10.570988,8.079417
"2062",11.33945,10.98055,7.563765
"2063",12.333439,11.725191,8.919545
"2064",9.787692,12.048128,9.071951
"2065",8.481176,11.110861,8.530169
"2066",2.993137,11.655939,9.019653
"2067",3.341696,11.632185,9.144111
"2068",6.24853,11.684174,9.169731
"2069",9.004513,11.725443,9.207384
"2070",13.187889,11.621017,9.21244
"2071",13.667875,11.542638,9.061742
"2072",12.196657,11.53731,8.981948
"2073",5.185672,11.128386,8.70988
"2074",8.458812,11.181711,8.75998
"2075",5.132855,11.427161,9.041364
"2076",4.472826,11.387059,9.034648
"2077",7.466487,11.719321,9.113516
"2078",7.637231,11.636761,9.020919
"2079",6.377652,11.37137,8.955206
"2080",7.650655,11.577596,9.158802
"2081",7.536697,11.602368,9.195859
"2082",7.3428,11.417747,9.132157
"2083",9.743797,11.404054,9.199376
"2084",8.741651,11.480313,9.267129
"2085",6.734992,11.434671,9.237415
"2086",5.471821,11.38497,9.0938
"2087",3.029881,11.006197,8.693235
"2088",1.962463,10.58735,8.13726
"2089",1.118227,10.170416,7.684902
"2090",1.406662,3.60203,1.26632
"2091",2.867645,10.261769,4.618989
"2092",10.628273,12.356521,8.888602
"2093",10.128499,15.837914,13.107944
"2094",12.51022,15.927176,13.324494
"2095",13.400854,13.17956,12.134329
"2096",13.740555,12.625044,11.369219
"2097",13.831367,16.048733,13.714032
"2098",13.896119,16.409515,14.286699
"2099",14.272316,16.720142,14.260964
"2100",14.178284,13.990133,10.708685
"2101",14.350985,13.22805,10.01804
"2102",13.888379,13.213954,10.154489
"2103",12.835011,13.017394,10.060545
"2104",12.013212,12.651911,9.764226
"2105",11.211619,12.172441,9.417048
"2106",10.830178,11.585316,9.029466
"2107",7.437881,11.405437,8.898742
"2108",8.21876,11.330299,8.805704
"2109",8.663645,11.124844,8.60326
"2110",6.072583,10.858725,8.255273
"2111",9.32904,10.333827,7.785673
"2112",10.074176,10.562348,7.648622
"2113",9.228716,10.711034,7.983647
"2114",9.053616,10.900031,8.351066
"2115",7.411878,11.09005,8.508055
"2116",4.926292,11.999438,9.16638
"2117",2.841868,11.785063,9.175028
"2118",3.612554,11.682087,9.095
"2119",7.074042,11.837558,9.256385
"2120",11.730316,11.858974,9.220091
"2121",11.837417,11.721012,9.083309
"2122",10.916628,11.704914,9.061268
"2123",8.630171,11.211223,8.703347
"2124",6.128623,11.088021,8.655111
"2125",7.329502,11.340281,8.890224
"2126",7.849796,11.28837,8.86972
"2127",9.286042,11.69838,8.993954
"2128",7.39502,11.790033,9.003201
"2129",4.300652,11.443519,8.84686
"2130",5.795331,11.51019,8.885277
"2131",8.969522,11.44396,8.924272
"2132",9.712911,11.253653,8.894644
"2133",9.094157,11.228385,9.000333
"2134",9.342429,11.407947,9.113553
"2135",7.457272,11.120877,8.903355
"2136",6.165766,11.076591,8.780085
"2137",5.05938,11.147161,8.657593
"2138",2.06047,10.844408,8.23008
"2139",0.975441,10.335787,7.753908
"2140",1.510099,0,0
"2141",7.540018,10.910976,5.329825
"2142",9.480436,16.288193,13.20993
"2143",10.621789,16.262596,12.504485
"2144",12.054083,14.007197,11.70919
"2145",10.029349,13.992019,10.274695
"2146",12.54491,17.33407,13.335321
"2147",13.810054,16.77359,14.408595
"2148",13.331103,16.776836,14.474635
"2149",14.450705,16.52556,14.302544
"2150",13.795993,14.382437,12.153773
"2151",12.783739,13.730051,11.289728
"2152",11.664941,13.444155,11.067662
"2153",10.690615,13.209705,10.823034
"2154",11.361748,13.047249,10.435184
"2155",9.733966,12.151222,9.495577
"2156",4.057115,11.680168,9.093777
"2157",6.035031,11.610343,9.001566
"2158",4.345353,11.378203,8.781831
"2159",2.31548,11.082053,8.394113
"2160",6.410536,10.869016,8.175213
"2161",8.94239,10.25107,7.912859
"2162",8.189693,10.277242,7.879201
"2163",6.933323,10.411181,8.036522
"2164",10.112517,11.365214,8.559319
"2165",8.6548,11.780593,9.139447
"2166",6.951637,11.87018,9.147256
"2167",7.112041,11.979067,9.207797
"2168",8.670956,11.986281,9.360447
"2169",9.466367,11.853158,9.202755
"2170",8.341734,11.987749,9.212076
"2171",9.346434,11.643341,9.003568
"2172",8.118533,11.293728,8.735697
"2173",8.070201,11.27243,8.623399
"2174",8.050834,11.368777,8.815151
"2175",8.983836,11.476204,8.867156
"2176",7.199398,11.654095,8.945972
"2177",4.355178,11.80439,8.991669
"2178",2.995206,11.327091,8.681665
"2179",5.73742,11.3133,8.471905
"2180",9.635335,11.083622,8.381454
"2181",8.891111,10.929857,8.419217
"2182",8.686116,10.827769,8.424858
"2183",6.003553,10.713565,8.263855
"2184",7.333931,10.926681,8.413859
"2185",5.25494,10.935116,8.399328
"2186",3.710662,11.018181,8.332287
"2187",2.253333,10.889963,8.16879
"2188",1.305382,0,0.013534
"2189",7.359691,12.227717,6.160848
"2190",10.083577,12.640737,7.846986
"2191",8.227345,13.432638,8.790825
"2192",6.672939,12.811075,7.830367
"2193",9.314152,12.130295,6.828967
"2194",12.758042,17.303654,14.352888
"2195",12.79557,17.192877,14.530252
"2196",11.927054,16.334589,14.470635
"2197",11.261035,15.823673,13.946065
"2198",10.117111,14.28533,12.639962
"2199",10.007144,12.930119,11.888979
"2200",7.735506,13.117849,11.829973
"2201",4.450992,13.305545,11.72596
"2202",5.327018,13.032896,10.704073
"2203",2.605136,12.05969,9.267917
"2204",1.980682,11.718074,8.9993
"2205",1.593131,11.532076,8.856948
"2206",1.444495,11.535082,8.863117
"2207",2.313963,11.374002,8.702305
"2208",3.10198,10.903892,8.19661
"2209",7.938687,10.927315,8.199924
"2210",7.685916,10.993505,8.28719
"2211",6.822833,11.162806,8.460847
"2212",9.360917,11.642365,9.060644
"2213",9.902232,11.994461,9.248203
"2214",4.872964,12.288517,9.440036
"2215",6.50946,12.362489,9.534824
"2216",6.718075,12.251142,9.449553
"2217",8.304255,12.278831,9.417584
"2218",7.329175,11.887644,9.172986
"2219",5.77958,11.516439,8.724438
"2220",5.252885,11.426628,8.562215
"2221",7.793449,11.481668,8.642241
"2222",7.784342,11.714903,8.868462
"2223",6.32108,11.819891,8.968232
"2224",2.769028,11.766222,8.885944
"2225",1.889876,11.06468,8.356296
"2226",6.430375,11.156126,8.29751
"2227",8.374281,10.943147,8.272172
"2228",8.218658,10.93346,8.369065
"2229",9.069312,10.875705,8.36354
"2230",7.887151,10.522171,8.023359
"2231",5.976682,10.439063,7.890648
"2232",4.391273,10.539843,8.001801
"2233",3.395201,10.624884,8.036603
"2234",1.735825,0,0.802547
"2235",4.302702,0,1.177394
"2236",3.401726,0,3.193398
"2237",1.391027,0,1.988725
"2238",2.083717,0,0.914596
"2239",6.734737,16.191385,10.862875
"2240",11.218837,17.583282,13.515989
"2241",12.950533,16.869499,14.417794
"2242",12.920266,15.913086,14.197581
"2243",12.713737,14.982147,13.259227
"2244",11.35339,13.726126,12.347385
"2245",10.35704,13.312492,12.277432
"2246",7.276379,13.75414,12.345501
"2247",5.512347,13.678507,11.855749
"2248",1.760047,12.720069,9.841379
"2249",1.231413,11.811165,9.06058
"2250",1.182588,11.679539,8.903138
"2251",1.489383,11.603352,8.835764
"2252",1.321986,11.267468,8.513966
"2253",1.247895,10.839723,8.126678
"2254",3.578261,11.017698,8.322043
"2255",4.130243,11.142253,8.386214
"2256",9.259587,11.14198,8.421235
"2257",7.802913,11.841669,9.124433
"2258",4.133602,12.226984,9.473639
"2259",3.667707,12.340606,9.549793
"2260",3.180057,12.541063,9.630703
"2261",6.306362,12.596175,9.633704
"2262",8.019633,12.719748,9.671687
"2263",5.694203,12.364727,9.39394
"2264",3.240997,11.889562,8.779122
"2265",3.93351,11.78724,8.66737
"2266",3.209449,11.900703,8.8059
"2267",6.440819,12.040672,9.053581
"2268",6.304808,11.847635,8.885123
"2269",3.8706,11.509651,8.486629
"2270",2.809959,10.966541,8.155351
"2271",3.532091,11.211411,8.281137
"2272",6.683576,11.184411,8.36342
"2273",5.674217,11.05896,8.417896
"2274",6.356437,11.019025,8.384338
"2275",4.780914,10.612854,8.187678
"2276",3.616569,10.460552,7.860144
"2277",1.122118,0,1.547206
"2278",1.127417,0,1.803309
"2279",0.993842,0,2.198449
"2280",0.993104,0,0.671915
"2281",1.122833,0,0
"2282",1.47585,0,2.253432
"2283",4.697244,16.285137,11.234641
"2284",9.523319,16.856575,13.289864
"2285",11.930187,11.979455,8.797299
"2286",12.778405,12.202203,10.750734
"2287",11.394209,12.985346,11.878522
"2288",8.414179,13.725451,12.509335
"2289",8.016174,13.571372,12.28325
"2290",1.509393,12.5221,10.579914
"2291",1.278134,11.984206,9.243779
"2292",1.037557,11.726643,8.971657
"2293",1.968004,11.565862,8.786809
"2294",1.353266,11.123931,8.35582
"2295",2.238865,10.864403,8.138908
"2296",2.663939,11.00993,8.272629
"2297",6.177464,11.211308,8.423734
"2298",7.089919,11.199708,8.43795
"2299",10.505512,12.094494,9.203937
"2300",9.060808,12.417291,9.627126
"2301",10.512864,12.396577,9.545893
"2302",7.856405,12.419187,9.441916
"2303",7.396315,12.34579,9.439141
"2304",5.835121,12.80548,9.617203
"2305",3.120218,12.530828,9.196243
"2306",1.838168,12.076622,8.611421
"2307",2.128777,12.237341,8.830397
"2308",1.841818,12.528694,9.201467
"2309",2.947805,12.464806,9.279222
"2310",4.626482,11.956675,8.801862
"2311",4.127243,11.576277,8.394197
"2312",2.911689,11.439888,8.325773
"2313",3.354784,11.405644,8.364274
"2314",3.592719,11.485398,8.533211
"2315",3.497421,11.488846,8.594118
"2316",2.365261,11.458427,8.632688
"2317",1.275845,0,0
"2318",1.404445,0,0.178888
"2319",1.246761,0,0
"2320",1.074464,0,0
"2321",1.212156,0,0
"2322",1.863568,0,0.283905
"2323",7.457496,9.942392,5.091527
"2324",11.034122,11.768257,7.086776
"2325",12.58032,12.98486,10.544677
"2326",11.847774,14.128113,12.908226
"2327",5.385075,13.552152,12.560537
"2328",1.937607,12.638618,11.638671
"2329",2.275414,12.275773,9.923071
"2330",1.763248,12.081504,9.457464
"2331",2.201623,12.067514,9.282305
"2332",1.824738,12.219583,9.276592
"2333",7.825952,12.041298,9.103595
"2334",5.251725,11.529857,8.684715
"2335",10.659772,11.215678,8.415717
"2336",10.562671,11.285954,8.469232
"2337",11.301537,11.744884,8.871844
"2338",11.139366,12.246037,9.319453
"2339",10.514776,11.805704,8.928163
"2340",7.928642,11.664434,8.439227
"2341",5.403243,10.393222,7.757588
"2342",5.918409,10.467798,7.666597
"2343",2.619394,11.544971,7.90936
"2344",1.050167,12.282029,8.444926
"2345",0.968094,12.760339,9.04498
"2346",1.916524,12.931369,9.486102
"2347",3.058008,12.667858,9.300245
"2348",2.898343,11.902295,8.642934
"2349",3.286286,11.569324,8.332674
"2350",2.788623,11.488153,8.313324
"2351",1.801224,11.596778,8.445144
"2352",2.140284,0,0
"2353",1.470016,0,0.274048
"2354",1.150922,0,0
"2355",1.281108,0,0
"2356",1.536332,0,0
"2357",8.73091,4.87118,2.730129
"2358",7.335756,9.994452,5.776211
"2359",12.593127,14.51296,12.753834
"2360",12.459467,13.43011,12.705875
"2361",4.65382,12.424514,11.792021
"2362",8.323542,12.044853,11.228284
"2363",4.467624,12.087094,10.400242
"2364",2.486991,12.641026,9.86024
"2365",2.372476,12.296535,9.750808
"2366",7.551842,12.297977,9.6766
"2367",10.188725,12.094564,9.095366
"2368",11.891637,11.343107,8.478106
"2369",11.140449,11.284175,8.375675
"2370",10.819551,10.553825,7.838967
"2371",11.684324,10.098077,6.858894
"2372",9.478749,9.740634,6.702641
"2373",8.269472,9.491522,5.977343
"2374",5.455497,8.73577,5.218732
"2375",3.719791,9.408537,5.846278
"2376",4.90369,10.356298,6.974622
"2377",2.629757,11.512224,7.685737
"2378",3.376753,12.238293,8.70314
"2379",2.503419,12.38529,9.149599
"2380",2.191351,12.114153,8.825455
"2381",2.307505,11.060442,7.838327
"2382",1.618354,10.810802,7.578616
"2383",1.124521,0,0
"2384",0.607847,0,0
"2385",0.99841,0,0
"2386",4.234159,0,0.010492
"2387",11.97858,0,2.453621
"2388",11.869768,14.091002,12.270988
"2389",12.846828,13.598034,12.808841
"2390",12.863877,13.044065,12.106282
"2391",12.218233,12.280903,11.61341
"2392",4.737584,12.251982,11.153547
"2393",2.459461,12.388065,10.342566
"2394",2.942349,12.449922,9.911267
"2395",4.259387,12.144933,9.506919
"2396",9.910459,11.921865,8.910604
"2397",10.983456,11.47798,8.528261
"2398",12.942194,10.82588,8.126712
"2399",12.616528,10.599314,7.390172
"2400",11.347599,9.045327,5.709842
"2401",8.730274,8.210978,5.121354
"2402",4.765737,7.912296,4.989373
"2403",3.402092,7.997804,5.033887
"2404",2.125264,9.077971,5.797701
"2405",2.836533,9.955296,6.922853
"2406",2.504812,9.939599,6.716328
"2407",1.966098,9.416313,6.070407
"2408",3.162176,9.593808,6.385817
"2409",2.739134,9.368152,5.982313
"2410",0.254628,0,0.701972
"2411",0.889147,0,0
"2412",6.284693,0,0
"2413",11.548231,7.504533,4.320973
"2414",11.641666,13.597272,12.132313
"2415",13.14738,14.03652,12.265091
"2416",13.973839,14.533062,12.936465
"2417",7.029105,15.012915,13.293368
"2418",3.908463,15.424698,13.347264
"2419",6.261606,14.935857,12.948036
"2420",5.582863,12.524717,9.976954
"2421",7.455709,11.348818,8.806695
"2422",8.25885,11.002459,8.42328
"2423",13.317657,10.986929,8.007476
"2424",11.998439,10.081096,6.635159
"2425",6.929636,8.034637,5.053347
"2426",5.036125,4.422083,3.251465
"2427",3.405478,0,2.888311
"2428",1.940478,6.102599,3.938075
"2429",2.411907,8.968586,5.751884
"2430",2.625136,9.800749,6.267127
"2431",1.650739,7.962048,5.203588
"2432",1.392306,0,0
"2433",7.878102,6.20919,2.68984
"2434",10.006548,12.225517,10.045681
"2435",12.442802,10.852646,6.809573
"2436",12.645395,15.958936,13.734076
"2437",12.33964,15.533486,13.897897
"2438",6.046303,15.803058,13.985578
"2439",7.941576,16.007919,13.99181
"2440",8.194095,15.778327,13.420563
"2441",7.055691,13.080489,10.607413
"2442",8.156652,11.589985,8.794163
"2443",8.393034,11.571493,8.159496
"2444",6.82796,9.720059,6.197596
"2445",4.764613,6.198765,5.166913
"2446",3.497104,0,2.393306
"2447",3.717675,0,0.278591
"2448",3.609779,0,1.598511
"2449",3.255829,5.828034,3.632457
"2450",1.377808,0,0.484993
"2451",4.013842,3.72151,2.932791
"2452",3.578742,6.991701,2.290873
"2453",8.852103,12.702837,7.611937
"2454",12.008423,16.440355,14.023039
"2455",11.455798,15.939505,14.063881
"2456",11.678884,15.968781,14.015828
"2457",11.568687,15.907304,13.674397
"2458",7.271222,15.633868,13.316003
"2459",3.251431,14.039661,11.976919
"2460",3.496819,11.106627,7.876074
"2461",4.834519,8.085361,5.641718
"2462",4.577211,0,3.260592
"2463",3.888448,0,0.357066
"2464",3.516958,0,0
"2465",1.219596,4.697668,2.734108
"2466",5.323861,12.763874,7.384175
"2467",10.705597,17.270926,12.711929
"2468",11.762691,16.854387,13.996346
"2469",10.040154,15.777433,13.3776
"2470",3.441059,15.610262,13.263844
"2471",2.059075,14.08575,12.289323
"2472",1.792204,12.142419,8.464817
"2473",1.278961,8.720021,6.418343
"2474",5.349041,0,0.439451
"2475",10.075816,8.688448,2.67078
"2476",11.769063,6.97687,4.994406
"2477",3.614647,11.258932,8.020615
