"","value_bac","value5","value3000"
"1",1.670194,0,0.613122
"2",4.499762,4.398492,2.323004
"3",11.32798,7.159632,2.482992
"4",12.475498,10.587009,7.658316
"5",12.308245,14.282124,12.888613
"6",11.187705,15.415796,13.204413
"7",10.604107,15.386943,13.420178
"8",6.340595,15.470403,13.471797
"9",2.015184,10.722178,7.574152
"10",2.810678,10.056261,6.836509
"11",2.122236,7.153709,4.48473
"12",1.841371,7.671232,5.011175
"13",2.614609,7.061397,3.266227
"14",3.809927,0,3.390723
"15",8.709787,8.11653,2.591907
"16",12.959832,10.394689,7.446411
"17",14.174258,14.972206,12.975594
"18",13.999203,15.407389,13.472331
"19",11.569198,15.419543,13.524672
"20",9.724068,15.363673,13.443261
"21",1.151162,15.284142,13.234563
"22",2.939163,10.994524,8.447501
"23",4.874923,12.002495,9.172542
"24",8.957987,13.015317,9.933742
"25",8.6653,13.208605,9.683388
"26",9.120914,12.695285,9.211692
"27",4.317456,12.039175,9.03235
"28",1.814689,12.366176,8.804691
"29",4.039189,11.360115,7.724854
"30",5.424152,7.54245,2.759338
"31",6.112862,0,0.234907
"32",11.820904,5.243995,2.428178
"33",13.16501,13.362231,12.379566
"34",13.981583,15.355957,13.468348
"35",14.163992,15.40013,13.60658
"36",13.954821,15.197784,13.429863
"37",8.08943,14.793893,13.017436
"38",0,15.036289,12.85804
"39",1.801118,10.025173,8.618937
"40",5.08587,11.310825,9.3807
"41",9.822401,13.20747,9.899787
"42",8.810771,13.12843,9.7458
"43",13.086663,14.011858,10.282806
"44",11.688846,13.952113,10.927123
"45",11.6889,14.556231,11.306976
"46",6.953293,13.018389,10.030699
"47",7.709094,12.757079,9.843362
"48",11.279156,13.529846,10.399295
"49",12.221437,13.260333,9.759459
"50",11.545263,8.301557,4.906307
"51",12.904179,11.885474,8.912975
"52",13.971984,15.692425,13.384742
"53",13.978398,15.490169,13.660143
"54",14.021572,15.289822,13.59991
"55",13.332339,15.166054,13.450722
"56",10.034339,14.728094,13.121086
"57",2.771064,14.507271,12.972644
"58",0.253567,12.677744,11.797374
"59",0.294697,10.738661,9.662374
"60",0.450453,10.340885,9.308513
"61",0.667851,10.322384,9.207741
"62",4.070088,10.732965,9.462133
"63",12.205917,12.89549,10.640886
"64",10.539284,14.664806,11.183174
"65",12.3495,15.305102,10.980192
"66",12.152514,16.600801,11.616999
"67",12.228353,15.11278,12.311531
"68",11.736327,15.105945,12.450953
"69",11.648523,14.363752,11.497955
"70",9.280512,13.844991,10.93133
"71",11.458271,14.530621,11.440833
"72",13.923271,15.636126,11.984442
"73",13.533216,16.922972,13.863494
"74",12.536528,16.852039,14.011953
"75",12.960569,17.286032,14.205313
"76",14.176074,16.085724,13.832884
"77",14.493819,15.530429,13.649578
"78",13.49684,15.381725,13.621357
"79",11.768228,14.922609,13.362921
"80",7.448414,14.681412,13.161397
"81",2.968739,14.115307,12.313991
"82",0.777067,11.813295,9.725415
"83",0.239547,11.576423,10.295633
"84",0.034821,11.183375,10.457463
"85",0.147423,11.060479,10.42401
"86",0.362416,10.49442,9.907053
"87",1.572887,10.728668,9.684942
"88",10.063425,11.314617,10.394281
"89",13.061484,13.6099,11.176039
"90",9.855896,15.264894,11.130271
"91",11.715717,15.095452,11.111653
"92",12.421842,16.433388,11.504945
"93",12.195788,16.342131,13.04689
"94",11.825764,15.294819,12.82287
"95",12.511008,15.785002,13.033638
"96",12.190674,15.687988,13.184078
"97",10.927138,16.479048,13.201529
"98",12.991214,16.82011,12.936977
"99",8.162654,18.363821,13.315915
"100",8.570691,18.383987,13.613937
"101",13.935691,17.679684,14.001624
"102",11.918835,17.540794,14.086283
"103",13.947234,16.341351,14.012041
"104",13.596817,15.696363,13.848697
"105",12.422997,15.369555,13.704185
"106",9.734952,14.977296,13.472401
"107",6.747643,14.438583,12.694427
"108",5.333761,12.197969,11.33301
"109",5.518859,12.182828,9.706295
"110",3.441159,11.243333,5.44514
"111",7.215303,14.384245,12.403378
"112",5.140969,13.790302,12.302972
"113",7.692562,14.473888,11.962517
"114",5.263819,14.438826,11.587263
"115",3.240816,13.620713,10.453881
"116",1.959711,12.527979,10.782691
"117",1.171173,12.645901,11.326814
"118",0.323695,12.282788,11.685967
"119",0.15117,12.101503,11.594652
"120",0.481403,12.196995,11.760517
"121",0.641685,11.84893,11.542137
"122",1.579148,11.077682,10.83908
"123",6.52928,11.298381,10.450829
"124",12.290911,12.619203,11.439558
"125",13.422366,13.956398,11.415817
"126",9.770358,13.200882,10.945181
"127",12.477599,13.322374,10.724401
"128",13.479305,14.977121,11.031229
"129",12.654686,15.050263,11.880222
"130",12.484354,15.28414,12.797794
"131",13.111521,15.734077,13.463337
"132",12.689364,15.876545,13.793009
"133",12.524447,16.464958,13.925398
"134",11.723724,17.930256,13.937608
"135",6.388074,18.352072,13.713277
"136",4.954704,17.64435,12.824063
"137",11.27247,16.709902,10.962422
"138",12.005757,17.257109,13.212425
"139",12.286655,17.65151,14.391924
"140",13.082423,16.309139,14.135774
"141",13.460698,15.473133,13.708729
"142",12.65809,15.031017,13.366543
"143",13.110877,14.375845,12.822876
"144",11.247153,14.458706,12.485835
"145",12.082138,13.856174,12.311996
"146",11.755648,14.774648,12.600045
"147",12.771513,14.774156,12.606262
"148",11.531214,14.751771,12.571154
"149",13.800961,13.973944,11.7692
"150",12.993768,14.761352,12.178324
"151",12.851367,15.075514,12.593351
"152",11.786922,14.632646,12.222895
"153",1.706074,13.390617,11.135799
"154",1.533827,12.865883,10.896816
"155",1.085497,12.943662,11.346278
"156",0.461239,12.653706,12.04351
"157",0.533977,12.684402,12.179741
"158",1.180322,12.876365,12.380642
"159",2.464452,12.603265,12.279634
"160",3.443151,12.129683,11.882972
"161",6.612785,11.963547,11.783197
"162",8.452379,12.24458,11.992445
"163",11.911082,14.21048,13.124011
"164",13.039908,14.594346,12.66451
"165",10.54697,12.656337,10.911133
"166",11.778041,13.3524,10.741254
"167",11.247066,13.625425,10.636183
"168",11.065051,14.586937,11.170004
"169",12.848633,16.979986,14.030088
"170",13.323055,16.188892,14.154511
"171",13.833457,16.118309,14.14414
"172",13.725011,16.674133,14.244781
"173",14.296027,17.235769,14.335163
"174",9.409233,18.036942,14.147351
"175",4.452369,16.980419,12.709682
"176",1.109207,15.205097,9.424198
"177",2.900281,14.972312,9.361049
"178",10.437532,17.366205,14.131931
"179",14.140593,16.762238,14.166728
"180",13.997735,15.571706,13.445423
"181",14.522332,15.134254,13.323318
"182",14.235538,14.853511,13.093035
"183",14.203629,14.794871,12.869714
"184",13.992065,14.883579,12.875559
"185",13.338623,14.748192,12.747426
"186",14.606926,14.012613,12.257268
"187",8.445442,14.109128,12.570659
"188",13.665413,14.216927,12.523786
"189",14.522621,14.362375,12.783845
"190",14.106114,14.227588,12.69435
"191",11.925515,14.221302,12.804247
"192",11.09943,14.174728,12.878042
"193",5.424628,14.319091,13.005571
"194",3.538191,15.343023,13.309318
"195",2.125939,14.14628,12.009307
"196",0.833136,13.295405,11.185572
"197",0.469539,13.085247,11.219765
"198",0.557087,13.273982,12.005856
"199",0.925124,12.941953,12.361027
"200",4.735523,13.070583,12.557318
"201",11.694814,13.010562,12.695069
"202",12.003161,12.888522,12.538891
"203",12.534123,12.588388,12.335527
"204",9.650954,12.38556,12.233068
"205",9.165289,12.321586,12.163398
"206",11.106104,12.617016,12.308256
"207",7.985808,13.25041,12.625612
"208",11.974358,13.729403,12.294464
"209",12.90205,15.82111,12.884752
"210",12.829597,15.320607,11.389547
"211",12.882011,15.898521,12.422944
"212",13.6383,16.66955,14.22572
"213",12.491015,16.538315,14.23418
"214",13.285929,16.71545,14.259478
"215",13.091656,16.645094,14.270617
"216",13.414072,16.969221,14.229054
"217",11.939828,16.223406,12.970885
"218",5.633038,14.627015,10.025894
"219",1.017456,13.861982,9.372131
"220",1.567167,10.972162,6.864097
"221",5.885355,8.168648,4.644525
"222",12.717523,10.066241,6.343799
"223",13.299186,10.643188,7.367332
"224",13.495472,11.913429,9.100668
"225",12.856664,14.758591,12.837734
"226",13.319098,14.676118,12.69789
"227",13.880542,15.140911,13.025176
"228",13.735226,14.267808,12.796346
"229",13.319378,13.874478,12.054996
"230",14.082395,13.916771,12.053072
"231",14.299513,14.419359,12.672382
"232",14.723652,14.320256,12.747222
"233",14.600677,14.16822,12.719807
"234",13.946206,14.20413,12.866968
"235",13.67197,14.457799,13.148267
"236",12.264646,15.449542,13.439122
"237",5.519304,14.367139,12.938001
"238",7.590556,14.817698,9.540801
"239",5.178498,16.351307,14.064431
"240",3.722401,14.89622,13.138947
"241",1.627266,13.840329,12.085093
"242",0.457281,13.237337,11.452072
"243",0.885563,13.043844,11.432234
"244",4.505252,13.22015,12.108955
"245",11.386561,12.991937,12.502136
"246",13.567105,12.98673,12.598763
"247",13.85586,13.038954,12.692154
"248",13.533868,12.932778,12.601563
"249",13.199544,12.720005,12.459884
"250",10.692683,12.687834,12.485306
"251",6.970888,12.464819,12.318599
"252",7.308424,12.390353,12.278937
"253",10.265644,12.980972,12.655482
"254",12.864141,14.310938,13.48042
"255",13.116926,16.129917,14.029911
"256",13.412533,16.387495,14.029698
"257",13.985446,16.43926,14.069039
"258",12.938374,16.960365,14.223665
"259",12.902237,15.927239,14.083273
"260",12.015131,16.097328,14.146229
"261",12.00503,16.463375,14.166521
"262",11.116823,14.397436,11.974906
"263",7.672401,12.387341,9.154189
"264",1.085194,11.37945,8.353633
"265",0.304565,11.281971,8.114416
"266",0.774426,10.640031,7.669006
"267",1.157438,9.433534,6.687422
"268",8.705014,9.916139,6.996866
"269",13.075113,10.644354,7.620927
"270",12.591684,11.177455,8.359993
"271",12.345947,13.784011,12.276507
"272",13.390292,13.975248,12.269724
"273",13.747774,14.718283,12.769003
"274",13.446894,15.804984,13.242428
"275",13.011634,13.91875,11.802612
"276",13.639606,13.45315,10.80159
"277",14.284974,13.660355,11.231727
"278",14.26878,14.023908,11.533123
"279",14.642011,14.040043,11.843531
"280",14.587422,14.251314,12.410806
"281",14.105785,14.195992,12.634669
"282",13.721911,14.383186,12.867002
"283",8.001023,14.130569,12.314939
"284",2.59238,14.770491,12.151528
"285",9.073476,9.144241,7.942354
"286",8.498764,16.440187,13.769343
"287",4.67061,15.222268,13.334865
"288",3.557372,14.50827,13.016821
"289",2.498728,14.357349,12.94587
"290",2.024009,14.003575,12.608508
"291",8.307811,12.974514,11.768372
"292",13.625478,13.347775,12.280629
"293",13.952258,13.350617,12.853134
"294",13.067972,13.1974,12.796607
"295",14.324182,13.114482,12.763151
"296",14.401064,13.021867,12.683261
"297",13.355268,12.93335,12.620484
"298",9.885552,12.830769,12.630784
"299",7.721466,12.782936,12.607755
"300",12.491953,12.510284,12.406945
"301",13.111112,12.788293,12.634524
"302",14.296734,13.375797,13.043653
"303",12.826539,14.949991,13.613095
"304",12.609997,15.005085,13.496394
"305",12.462759,15.616453,13.766509
"306",12.224273,16.874304,14.125947
"307",12.500362,16.467653,14.199753
"308",12.304605,16.025991,14.077987
"309",12.375739,15.350819,13.358162
"310",11.873662,11.787348,9.124207
"311",9.625786,11.534094,8.899232
"312",2.005355,11.07811,8.440162
"313",0.499192,10.53688,7.814137
"314",0.386827,10.486088,7.777791
"315",6.232237,10.572248,7.775041
"316",11.953476,10.879074,7.84123
"317",12.682368,10.812747,7.836454
"318",12.815084,12.40864,9.233789
"319",12.656605,13.366055,11.679826
"320",12.687932,12.898812,10.694188
"321",13.669284,13.077823,9.628365
"322",13.275446,14.144936,10.400191
"323",12.898535,13.538841,10.65214
"324",13.192914,13.729631,10.761567
"325",13.083754,13.500503,10.994119
"326",13.999671,13.621781,11.134174
"327",13.85057,13.753687,11.316872
"328",14.203915,14.103031,11.850466
"329",14.231926,13.785146,11.690784
"330",13.997643,13.493015,11.584368
"331",13.640413,13.691358,11.771185
"332",6.24585,14.198009,11.759187
"333",6.630929,11.545063,8.860773
"334",11.659361,15.553191,12.818964
"335",9.899159,14.824375,13.137323
"336",10.191225,15.778902,13.562304
"337",8.263044,13.79977,12.95945
"338",5.090413,13.615608,12.936014
"339",5.443889,13.608771,12.9509
"340",10.803454,13.589343,12.901125
"341",12.611356,13.606299,13.103512
"342",12.745,13.478651,13.080655
"343",13.63133,13.443118,13.036981
"344",14.017786,13.230105,12.948566
"345",13.49579,13.130177,12.778963
"346",12.401897,13.140121,12.841478
"347",13.430176,13.199512,12.943429
"348",13.760103,12.968711,12.886643
"349",14.182628,12.727705,12.616088
"350",14.480519,12.863689,12.75934
"351",14.332778,13.190972,13.098776
"352",14.700486,14.664713,13.513883
"353",13.377566,15.20369,13.618487
"354",12.823977,14.996655,13.371034
"355",11.722971,16.629751,14.014526
"356",11.844894,16.790596,14.061506
"357",12.156849,16.321087,14.070837
"358",12.273989,13.617577,11.025694
"359",11.684913,12.215533,9.658717
"360",8.559864,11.938704,9.579392
"361",4.109302,11.710729,9.343126
"362",3.148955,10.693663,8.15762
"363",3.874134,10.655584,7.968713
"364",0.603034,10.643513,7.860783
"365",6.677792,10.609077,7.815897
"366",12.408877,10.919196,8.173078
"367",12.561886,12.08475,9.09341
"368",12.500849,13.003793,11.311457
"369",12.273527,12.498271,9.418526
"370",12.906703,11.86742,8.347734
"371",12.881836,12.546809,8.376762
"372",12.425797,12.660183,9.063665
"373",13.445417,13.687264,10.298298
"374",13.139091,14.084116,11.228447
"375",13.159375,13.462288,11.09772
"376",12.722354,13.374345,11.072853
"377",13.051232,13.893289,11.423175
"378",13.980932,13.396016,11.354775
"379",14.398162,13.190552,11.338569
"380",13.901623,13.722907,11.484606
"381",9.682055,13.612744,11.528934
"382",0.151844,13.206372,11.29058
"383",8.385515,13.545995,9.078923
"384",5.828403,8.980372,12.390535
"385",10.822723,16.395351,13.405499
"386",5.602208,14.513545,13.438152
"387",6.846971,13.779097,12.883576
"388",7.831093,14.451101,13.246349
"389",10.57658,13.864688,12.985696
"390",6.401071,14.040221,13.190236
"391",9.893538,13.864824,13.138095
"392",12.59208,13.777801,13.251224
"393",13.999025,13.731921,13.285248
"394",14.467113,13.602919,13.215125
"395",14.289762,13.5804,13.285825
"396",13.204605,13.463696,13.209248
"397",13.12344,13.29386,13.087247
"398",13.339496,13.262062,13.062417
"399",14.573787,13.213231,13.02612
"400",15.561065,13.223044,13.008432
"401",14.831152,13.080103,12.89152
"402",14.168154,13.037355,12.901198
"403",14.055808,13.310939,13.102878
"404",13.954956,15.664302,13.98106
"405",13.701838,15.081967,13.486728
"406",12.837208,15.07548,13.420711
"407",12.539968,15.696523,13.71123
"408",12.742533,16.369143,13.911819
"409",12.252083,15.984849,13.52293
"410",12.386148,13.308937,10.729493
"411",11.408849,12.424883,9.916878
"412",9.86856,11.793427,9.50124
"413",7.220833,11.715469,9.242105
"414",8.711827,10.921188,8.487635
"415",7.531056,11.193187,8.475874
"416",4.136283,11.123538,8.404535
"417",11.100692,11.407116,8.600567
"418",12.076221,11.351439,8.705947
"419",12.342512,11.814278,9.053962
"420",12.757236,12.725322,10.369383
"421",12.882186,12.226347,8.666142
"422",13.255541,11.816269,8.177097
"423",11.47287,12.170728,8.090506
"424",10.57272,11.990868,7.733056
"425",12.516615,12.204478,8.475714
"426",12.494857,13.553051,10.277757
"427",13.235193,12.983688,10.593947
"428",13.012965,13.170496,10.891501
"429",13.040369,13.39606,11.117752
"430",13.480381,13.058441,11.15343
"431",14.012368,13.218598,11.39406
"432",13.840955,13.407795,11.413509
"433",11.272807,13.069307,11.272081
"434",1.825943,12.6926,11.025079
"435",0.046841,12.499233,10.803755
"436",9.149554,14.528901,10.258307
"437",8.797752,16.427948,12.265042
"438",8.499734,16.623133,13.782053
"439",6.554737,14.623297,13.786971
"440",4.66742,13.985265,13.308988
"441",5.56693,13.753368,12.962978
"442",10.442682,13.623925,12.767064
"443",13.001098,13.990429,13.038876
"444",10.987537,14.116998,13.197449
"445",10.964503,13.976372,13.312927
"446",12.830694,14.244731,13.59793
"447",13.284657,13.990353,13.44158
"448",14.040694,13.74846,13.298808
"449",14.377146,13.624153,13.310027
"450",13.688389,13.756287,13.397938
"451",13.613392,13.363452,13.14383
"452",14.20693,13.30951,13.107291
"453",15.018728,13.319756,13.116966
"454",15.480661,13.392706,13.144568
"455",15.064606,13.221767,13.019262
"456",13.912775,13.248581,13.050991
"457",13.974443,13.529941,13.34065
"458",12.887972,14.711216,13.859886
"459",13.770003,15.567104,13.763264
"460",12.996814,16.00676,13.875084
"461",12.327454,15.914418,13.782374
"462",12.053279,14.886013,13.081621
"463",13.286569,13.869576,12.06072
"464",13.208501,13.152271,10.719171
"465",12.270432,12.169905,9.844687
"466",11.24368,11.812409,9.404984
"467",9.090596,10.979217,8.775235
"468",10.337745,11.463778,9.034045
"469",10.617691,12.020765,9.436196
"470",12.237014,11.935364,9.231791
"471",11.988969,11.717923,8.932336
"472",12.602424,11.664986,8.978
"473",12.37117,11.953682,9.134683
"474",12.529598,12.517352,9.078204
"475",12.925187,12.198709,8.569422
"476",13.467288,12.034222,8.340486
"477",9.138082,12.253729,8.441391
"478",5.637397,12.277949,8.365458
"479",13.10578,12.36298,9.308753
"480",13.414277,12.858813,9.909733
"481",13.564095,12.723604,10.02066
"482",13.6864,12.683725,10.037743
"483",13.732139,12.663512,10.375996
"484",12.847417,13.139297,11.125911
"485",13.528893,12.422827,11.041268
"486",13.491149,12.69647,11.003105
"487",11.556565,12.389931,10.857451
"488",3.459433,11.855735,10.536889
"489",3.230024,12.160149,10.572446
"490",9.882523,15.977168,12.678934
"491",9.284456,16.225468,14.222385
"492",5.152899,14.562449,13.825125
"493",5.455797,14.077785,13.489453
"494",6.570629,13.786614,13.209926
"495",10.368297,13.604995,12.996284
"496",12.780918,13.638307,12.853727
"497",13.037936,13.994499,13.116509
"498",11.777076,14.148026,13.283882
"499",11.25927,13.852715,13.33259
"500",11.826364,13.930626,13.42892
"501",12.367629,14.075998,13.506918
"502",13.401477,13.778374,13.318167
"503",13.801864,13.675481,13.332042
"504",13.984914,13.501485,13.238102
"505",14.391451,13.451825,13.190836
"506",14.297423,13.378672,13.154379
"507",14.018407,13.374709,13.162334
"508",15.153161,13.360418,13.133753
"509",15.229825,13.33942,13.106412
"510",14.132598,13.444575,13.183483
"511",12.903874,14.537833,13.820225
"512",13.79268,15.977911,14.067201
"513",13.966379,16.653379,13.545207
"514",12.074397,16.076811,13.861438
"515",11.951291,15.073322,13.340631
"516",12.8417,14.196682,12.549252
"517",13.71666,12.361846,10.423945
"518",13.725533,12.02379,10.07442
"519",10.181155,12.375416,10.415245
"520",8.185253,11.834662,9.663573
"521",6.971181,11.234821,9.092457
"522",8.173312,11.855955,9.614555
"523",9.188868,12.540647,10.134806
"524",11.631744,12.772554,10.316515
"525",13.643955,13.250361,10.256989
"526",13.676056,12.150208,9.311999
"527",13.075096,12.099189,9.268773
"528",12.984696,12.371455,9.004324
"529",13.543093,12.108958,8.777295
"530",13.788206,11.839079,8.379157
"531",10.360775,12.035753,8.371754
"532",11.528111,12.192043,8.948227
"533",12.734002,12.935605,9.794247
"534",13.591119,12.975628,10.11203
"535",13.132507,12.877837,10.149309
"536",13.14322,12.545303,10.035847
"537",14.392282,12.774972,10.321609
"538",12.409807,12.672148,10.891852
"539",13.334638,12.289811,10.451516
"540",14.016735,11.823495,10.247728
"541",7.988838,11.578648,10.200983
"542",2.901817,11.262474,10.033162
"543",2.944317,11.180496,9.901563
"544",7.056659,14.456699,11.284131
"545",8.061145,14.75876,13.919267
"546",10.675972,14.409483,13.818553
"547",9.801412,14.161311,13.593079
"548",9.523095,13.814395,13.323117
"549",10.832969,13.586868,13.09812
"550",12.153509,13.460275,12.986639
"551",13.505673,13.617083,13.112227
"552",13.791306,13.713766,13.189987
"553",10.739902,14.021006,13.426713
"554",13.659712,13.834206,13.370893
"555",13.747192,13.889239,13.418049
"556",13.956422,13.787258,13.366978
"557",13.721941,13.792316,13.373185
"558",14.452009,13.707995,13.335859
"559",14.435972,13.69179,13.33567
"560",14.285814,13.600573,13.277935
"561",15.452318,13.604504,13.31226
"562",14.869313,13.549438,13.455502
"563",14.422684,13.542273,13.250674
"564",14.143885,13.529889,13.300883
"565",14.491634,13.58543,13.253224
"566",12.714493,14.270553,13.641121
"567",13.455134,16.003736,13.95803
"568",12.42065,15.838924,13.96106
"569",11.774803,15.057671,13.626712
"570",12.270351,14.44761,13.088696
"571",10.085248,13.161108,11.870251
"572",8.520754,12.442693,10.764429
"573",11.424489,12.256099,10.608587
"574",10.844025,13.06829,11.861863
"575",9.96568,14.093649,12.572584
"576",7.281733,12.865333,11.631876
"577",10.779268,12.325253,10.186317
"578",10.10326,12.519418,10.294282
"579",10.343984,12.852351,10.559449
"580",13.304612,13.109319,10.763389
"581",14.557691,12.57625,10.192889
"582",13.978775,13.744753,12.368952
"583",13.98432,14.610286,12.762543
"584",14.02473,13.582124,11.5234
"585",14.063344,12.705897,9.532187
"586",13.465753,12.072154,8.916599
"587",10.853056,12.306993,9.455282
"588",13.232289,13.000645,9.997968
"589",13.071424,13.096647,10.253119
"590",14.106955,13.226411,10.38885
"591",13.382496,12.905298,10.629577
"592",13.358356,12.887822,10.870108
"593",12.979707,12.755389,11.018509
"594",12.5256,11.927679,10.517534
"595",12.295029,11.298745,9.748034
"596",5.007171,11.324279,9.860894
"597",3.809744,10.891918,9.550487
"598",3.613029,10.928101,9.545098
"599",9.037062,0,2.78188
"600",10.074803,14.625525,13.670107
"601",8.34731,14.327642,13.726837
"602",11.410055,14.044473,13.542414
"603",12.924599,13.846561,13.348355
"604",12.549514,13.612309,13.144707
"605",12.532379,13.425892,12.980562
"606",13.182764,13.337034,12.963574
"607",14.284362,13.569378,13.144111
"608",14.045026,13.65613,13.221036
"609",12.258429,13.693662,13.346342
"610",15.263141,13.752031,13.330467
"611",14.723417,13.948789,13.466106
"612",14.36477,13.843595,13.408221
"613",14.389603,13.824705,13.399632
"614",14.896615,13.816212,13.397778
"615",14.204703,13.794522,13.399115
"616",14.49022,13.748426,13.377914
"617",14.130003,13.709881,13.386251
"618",14.021531,13.728828,13.402102
"619",14.43401,13.697668,13.346398
"620",14.271648,13.68959,13.284534
"621",13.942949,13.743441,13.3053
"622",14.305998,13.751746,13.148157
"623",13.322584,13.855902,13.114075
"624",13.634886,13.79598,13.213789
"625",13.553608,13.814545,13.222084
"626",12.558948,14.187094,13.012325
"627",9.788155,13.508561,12.467871
"628",7.328688,13.219133,12.083529
"629",6.400446,13.396297,12.330667
"630",7.171791,14.059896,12.717699
"631",9.34458,14.066781,12.83079
"632",8.484789,14.174614,12.8127
"633",10.917763,12.9538,11.909785
"634",14.379774,12.588679,10.647517
"635",14.683842,12.826001,10.866668
"636",14.060935,12.778448,11.454209
"637",14.688509,14.508829,12.870365
"638",14.366715,14.526556,13.084199
"639",14.0764,14.625382,12.957526
"640",14.299444,14.543888,12.740769
"641",14.200504,13.775073,12.53241
"642",13.480864,13.686159,12.089579
"643",12.869328,12.94813,10.332289
"644",13.771006,13.081316,10.215465
"645",13.021513,12.872282,10.440677
"646",12.797954,13.279366,10.751862
"647",13.150243,13.505678,11.066341
"648",12.881703,13.10933,11.078636
"649",13.43882,12.697961,11.004776
"650",13.426155,12.168221,10.703794
"651",10.222836,11.646474,10.034593
"652",3.354825,11.460329,9.934493
"653",3.538969,11.083167,9.636873
"654",2.91917,11.555983,10.224818
"655",0.156615,12.289257,10.751215
"656",8.626813,12.389759,11.69151
"657",11.51572,14.930333,13.965295
"658",8.934164,13.997118,13.522601
"659",12.487104,13.756445,13.34967
"660",13.569609,13.573651,13.157227
"661",13.200597,13.25341,12.917742
"662",11.860216,12.962693,12.722851
"663",13.728322,13.021123,12.812469
"664",14.535058,13.256864,12.981874
"665",14.841057,13.423188,13.100487
"666",12.68485,13.628018,13.24167
"667",14.268347,13.646969,13.265295
"668",15.16909,13.523703,13.233456
"669",15.016217,13.577645,13.28457
"670",15.077409,13.782911,13.407464
"671",14.929159,13.825735,13.414481
"672",14.28477,13.816683,13.41176
"673",14.952869,13.854649,13.453794
"674",14.841261,13.889672,13.581465
"675",14.683765,13.920428,13.519114
"676",14.749327,13.762341,13.402349
"677",14.459704,13.785625,13.376098
"678",14.33093,13.726026,13.274137
"679",13.493282,13.676041,13.030533
"680",13.231268,13.601914,12.986294
"681",12.99329,13.477429,13.010839
"682",12.514215,13.39592,12.969632
"683",10.648143,13.884526,12.831419
"684",9.750903,13.784248,12.448961
"685",11.208107,13.708455,12.355139
"686",11.39216,13.801411,12.629304
"687",11.396067,13.810375,12.679062
"688",10.581985,13.797006,12.617337
"689",11.486144,13.945345,12.693292
"690",12.204584,14.347706,12.88758
"691",14.22627,14.047625,12.40549
"692",14.166389,14.278264,12.596757
"693",14.745574,14.464767,12.912702
"694",14.664825,14.253145,12.789222
"695",14.063056,14.266587,12.738976
"696",14.479791,14.444921,12.793136
"697",14.902255,14.45246,12.719855
"698",14.923502,14.391648,12.630256
"699",14.559568,13.824476,12.560287
"700",13.486843,13.716127,11.301159
"701",13.664556,13.345856,10.203232
"702",12.530581,13.557586,10.740458
"703",11.633432,13.544426,10.977175
"704",12.387573,13.329992,11.134089
"705",12.754219,12.99115,11.075668
"706",13.488655,12.429163,10.858345
"707",12.329266,12.188154,10.646588
"708",7.138582,11.626835,10.41712
"709",5.585812,11.875175,10.35245
"710",5.789953,11.670919,10.60513
"711",6.190786,12.034113,10.994236
"712",2.844543,12.348921,10.719332
"713",1.966334,12.307844,10.481764
"714",1.327891,12.084032,10.248082
"715",0,12.014644,10.186817
"716",4.146045,8.335663,6.411235
"717",9.374444,17.4056,13.849194
"718",11.697829,15.427537,14.010208
"719",12.73103,13.989967,13.518972
"720",13.176967,13.66945,13.272659
"721",13.249755,13.399124,13.032919
"722",13.336286,12.935888,12.728562
"723",14.06031,12.829396,12.688746
"724",14.428429,12.896409,12.760613
"725",14.69178,13.034387,12.855643
"726",14.689349,13.325454,13.046227
"727",14.216956,13.425803,13.196445
"728",14.549254,13.478105,13.159857
"729",14.947156,13.549394,13.406141
"730",14.916945,13.626488,13.368521
"731",14.943488,13.846215,13.488913
"732",14.889105,13.88414,13.586647
"733",14.344032,13.864872,13.576694
"734",14.898842,13.921684,13.526732
"735",15.330267,13.960297,13.549469
"736",15.740641,13.995638,13.646437
"737",14.883615,13.863293,13.552355
"738",14.393175,13.853712,13.409819
"739",14.991305,13.778091,13.295558
"740",14.990932,13.703224,13.056625
"741",14.120653,13.5749,12.987234
"742",13.519547,13.414328,12.982868
"743",13.471978,13.353363,13.035496
"744",12.68792,13.302109,12.777211
"745",10.799835,13.211479,12.496234
"746",9.434913,13.715161,12.567207
"747",9.383516,13.722572,12.751724
"748",10.606762,13.7061,12.586758
"749",11.132822,13.679128,12.4655
"750",12.34943,13.873909,12.604034
"751",13.555373,14.240048,12.893265
"752",13.756172,14.309143,12.914115
"753",14.658466,14.194678,12.632164
"754",14.972987,13.723896,12.155763
"755",15.00375,12.899635,11.90841
"756",14.72193,13.828982,12.267635
"757",14.998969,14.107499,12.4829
"758",14.681911,14.183441,12.571752
"759",15.358027,13.574648,12.404897
"760",15.08088,13.422513,11.89532
"761",13.851538,13.044736,10.430683
"762",11.617255,13.156658,9.903214
"763",12.02158,13.453703,10.302008
"764",12.968596,13.231026,10.727606
"765",12.727478,12.995467,10.815245
"766",12.446151,12.313897,10.392269
"767",9.451894,11.99474,10.283437
"768",10.352051,12.384678,10.899141
"769",6.577577,12.134516,10.939252
"770",7.477679,12.081066,10.858028
"771",7.926934,13.93742,12.512278
"772",9.979035,13.310796,12.39401
"773",8.037178,12.446959,11.180792
"774",2.487113,12.080238,10.303133
"775",2.092949,11.859973,10.126046
"776",3.177142,12.475407,10.6236
"777",4.579686,12.32795,10.480173
"778",3.145464,12.227998,10.290834
"779",1.413835,11.785519,9.864621
"780",6.845647,16.882879,10.784393
"781",11.800223,16.790359,14.454129
"782",13.454474,15.462326,14.056479
"783",13.364206,14.075443,13.610107
"784",13.669185,13.551427,13.189228
"785",13.596923,13.243612,12.953227
"786",13.631356,13.026666,12.819005
"787",13.662606,12.897011,12.754526
"788",14.199427,13.027787,12.871635
"789",14.300421,13.112617,12.917667
"790",15.075336,13.26609,13.009295
"791",15.080611,13.45366,13.128086
"792",14.895365,13.551071,13.202315
"793",14.743782,13.629433,13.3159
"794",14.241428,13.675837,13.400583
"795",14.565563,13.725613,13.534479
"796",14.757183,13.793882,13.454125
"797",13.665449,13.931947,13.534897
"798",14.367455,13.958447,13.541531
"799",15.551191,14.000596,13.561724
"800",15.417496,14.032378,13.584451
"801",15.189667,13.896113,13.462164
"802",15.348305,13.871353,13.419218
"803",15.391945,13.81349,13.35404
"804",14.855296,13.720469,13.266315
"805",14.736371,13.533385,13.114859
"806",14.557869,13.418905,13.030784
"807",14.087928,13.349631,13.087119
"808",14.21784,13.256437,12.827599
"809",13.892322,13.199052,12.596665
"810",12.593373,13.709278,12.718957
"811",12.287675,13.685807,12.81687
"812",8.432131,13.671356,12.636812
"813",10.20836,13.647271,12.443175
"814",13.107121,13.823933,12.586471
"815",13.208779,14.113484,12.778465
"816",10.295409,14.070621,12.513884
"817",10.732814,12.908727,11.831268
"818",14.928381,12.468559,11.358326
"819",14.611152,12.309828,11.105328
"820",15.028768,12.476681,11.346502
"821",14.931276,13.055967,12.011948
"822",14.028629,13.168641,12.090714
"823",12.241066,13.128111,11.933343
"824",10.584002,12.59681,10.675377
"825",9.156112,12.121047,10.064934
"826",9.397825,12.576225,9.819272
"827",11.646491,13.037415,9.855238
"828",10.004017,11.668539,9.429612
"829",9.854763,11.303874,9.453622
"830",11.547782,11.001279,9.227077
"831",9.927716,11.072824,9.476699
"832",4.993227,11.855974,10.593168
"833",7.319795,12.233718,11.221591
"834",9.540852,12.419505,11.297287
"835",9.427149,13.032629,12.067048
"836",11.656941,14.335745,12.839447
"837",9.970359,12.901173,11.762336
"838",3.467226,12.441072,10.691365
"839",2.617719,12.119997,10.703881
"840",6.359572,13.230956,11.970352
"841",5.699122,12.460378,10.823796
"842",5.56246,12.504961,10.488428
"843",5.955132,11.965451,9.99375
"844",4.912694,11.731243,9.653843
"845",2.651893,11.992092,9.801475
"846",6.891272,16.574345,10.622894
"847",12.275249,16.72337,14.418434
"848",12.74795,15.45133,14.029199
"849",13.326085,14.067983,13.614681
"850",13.474825,13.600941,13.241923
"851",12.77264,13.349381,13.059361
"852",13.576474,13.209839,12.959326
"853",13.99652,13.061952,12.911861
"854",14.148355,13.18577,12.999053
"855",13.445852,13.280912,13.030362
"856",14.29099,13.412812,13.070531
"857",14.534046,13.574755,13.279723
"858",14.310022,13.644496,13.266002
"859",14.057927,13.701616,13.328321
"860",14.116609,13.764271,13.514959
"861",14.140676,13.808845,13.459875
"862",14.064006,13.85507,13.479883
"863",14.786535,13.980133,13.556634
"864",14.493866,13.992081,13.557978
"865",14.821477,14.038204,13.589105
"866",14.41947,14.050375,13.59904
"867",14.284419,13.87991,13.430461
"868",13.926085,13.868036,13.39645
"869",13.690931,13.815535,13.360184
"870",12.466937,13.740413,13.297056
"871",12.270048,13.560763,13.164524
"872",13.995893,13.422225,13.081934
"873",14.901279,13.355606,13.100264
"874",14.680172,13.2707,13.049157
"875",14.005573,13.24662,12.884885
"876",13.58847,13.71852,12.803797
"877",13.556703,13.67626,12.864313
"878",12.973439,13.662582,12.734374
"879",10.661966,13.677582,12.642223
"880",12.094284,13.853381,12.79028
"881",13.152811,14.05408,12.840737
"882",11.711218,14.032402,12.422858
"883",8.096189,12.833911,11.693635
"884",14.895406,12.481689,11.123215
"885",15.00281,12.070517,10.417378
"886",14.682109,11.702071,9.584029
"887",14.771393,11.815462,9.740313
"888",13.355021,11.696548,10.114003
"889",11.687723,11.493259,9.957414
"890",5.944744,11.410897,9.865828
"891",4.603169,11.432034,9.763771
"892",5.303107,11.398506,9.426649
"893",5.230314,11.673176,9.462504
"894",4.465632,10.671729,8.90352
"895",3.561915,10.83234,8.843821
"896",4.194207,10.999608,9.06352
"897",4.568677,11.075044,9.349113
"898",6.445515,11.194548,10.105564
"899",12.060384,11.294166,10.26325
"900",9.783502,11.415862,10.319382
"901",7.868747,12.192395,11.002472
"902",7.73913,12.66833,11.412002
"903",6.075738,11.985973,10.703619
"904",4.047241,12.232015,10.946731
"905",7.54299,13.181758,12.039997
"906",7.796107,13.247595,11.886203
"907",5.878674,12.581091,10.764763
"908",5.88693,12.712521,10.713825
"909",6.996261,11.98981,10.063567
"910",5.850504,11.863294,9.829941
"911",6.400037,11.892973,9.802727
"912",4.25498,11.566405,9.298661
"913",2.053023,0,0
"914",8.407766,16.112761,9.736506
"915",12.539663,16.642174,14.28815
"916",13.000814,15.421934,13.983746
"917",13.316629,14.055757,13.563763
"918",12.925589,13.651569,13.283863
"919",12.979647,13.336612,13.060038
"920",13.32481,13.26527,13.001404
"921",14.167613,13.325006,13.090404
"922",13.648794,13.422316,13.16292
"923",13.415855,13.508953,13.194078
"924",13.668217,13.591002,13.220667
"925",14.120384,13.738888,13.304902
"926",13.806166,13.823214,13.392064
"927",13.600011,13.792878,13.498009
"928",13.702313,13.840254,13.446432
"929",14.059875,13.886221,13.479751
"930",13.872175,13.987011,13.551553
"931",14.915577,13.950406,13.632312
"932",15.874477,13.976144,13.580006
"933",15.732279,13.9811,13.590151
"934",16.358051,13.964579,13.542045
"935",15.862966,13.947126,13.456524
"936",14.286819,13.830253,13.457462
"937",12.636042,13.825541,13.333854
"938",11.199244,13.772603,13.278837
"939",11.706561,13.585896,13.316743
"940",11.312101,13.449919,13.217921
"941",14.547841,13.329511,13.344131
"942",14.721627,13.25002,13.165121
"943",14.624642,13.204412,13.186653
"944",14.463352,13.722127,12.859633
"945",14.529422,13.700925,13.034737
"946",13.334814,13.68535,12.923635
"947",13.967211,13.687248,12.946116
"948",11.251031,13.806401,12.703639
"949",11.795688,13.943995,12.592418
"950",13.375421,14.068745,12.556859
"951",14.508886,12.844885,11.732019
"952",13.782391,12.610802,11.127381
"953",12.830139,12.238435,10.489282
"954",11.262529,11.490456,9.43648
"955",11.343857,11.106934,9.188482
"956",10.106118,11.372893,9.497647
"957",3.25845,11.404125,9.618876
"958",6.242361,11.503649,9.658297
"959",5.48273,11.000093,9.494912
"960",2.808198,11.445703,9.344387
"961",1.969971,11.380619,9.394363
"962",2.98508,11.234406,9.238124
"963",9.135275,10.929736,9.006269
"964",12.485651,10.930449,9.114516
"965",12.592628,11.066072,9.87949
"966",8.592439,11.228225,10.258936
"967",12.172617,11.102019,10.290028
"968",11.927226,11.262307,10.367666
"969",11.174021,11.576255,10.526618
"970",11.721644,11.803292,10.617174
"971",5.505859,11.445892,10.217258
"972",7.665292,11.301622,9.997179
"973",9.031477,11.525218,9.92601
"974",7.760643,12.058643,10.20157
"975",5.613893,11.999169,10.214338
"976",6.213223,11.797834,10.225392
"977",11.257113,12.120559,10.211377
"978",5.332255,12.053754,10.139269
"979",4.440132,12.032565,10.011166
"980",4.479415,11.341168,9.231342
"981",4.961406,11.059521,8.871647
"982",3.456637,0,0.506941
"983",10.110504,9.315309,12.087304
"984",13.149433,16.108292,14.033919
"985",13.410402,14.668955,13.887365
"986",13.448908,13.977515,13.472403
"987",13.421082,13.637225,13.235855
"988",13.918048,13.448217,13.114736
"989",14.660921,13.36308,13.045724
"990",14.916363,13.456133,13.162619
"991",14.869756,13.526498,13.328767
"992",14.01478,13.608471,13.290096
"993",13.944719,13.703002,13.357901
"994",14.547423,13.816065,13.426879
"995",14.394146,13.896272,13.472541
"996",14.356696,13.856426,13.463398
"997",14.79882,13.919983,13.508188
"998",14.823809,13.943213,13.509138
"999",14.063644,14.045707,13.542173
"1000",13.959965,13.990768,13.523013
"1001",15.207753,14.008392,13.589735
"1002",14.613695,13.995468,13.596415
"1003",15.31987,13.970762,13.611751
"1004",14.072024,13.949813,13.429502
"1005",11.547258,13.856444,13.353601
"1006",13.690796,13.814008,13.311235
"1007",13.835644,13.757343,13.260159
"1008",12.853999,13.550028,13.306064
"1009",11.539145,13.420974,13.261338
"1010",12.416857,13.876074,13.172516
"1011",14.74951,13.781006,12.947124
"1012",14.689207,13.783042,12.967045
"1013",14.771038,13.774724,12.856922
"1014",14.539999,13.728437,12.912277
"1015",14.019683,13.723345,12.829855
"1016",13.287891,13.685408,12.710253
"1017",13.092609,13.768919,12.564768
"1018",7.442636,13.90175,12.50656
"1019",10.078673,13.970864,12.422997
"1020",11.116441,12.99332,12.003276
"1021",11.81041,12.732077,11.49669
"1022",12.623596,12.438224,10.830158
"1023",6.332832,11.475471,9.833825
"1024",4.522248,11.433056,9.380883
"1025",4.901656,11.62886,9.682284
"1026",7.394328,11.83441,9.983664
"1027",13.648173,11.824644,9.963134
"1028",11.217453,11.498242,9.524456
"1029",7.391275,11.440639,9.317265
"1030",6.902087,11.510179,9.477777
"1031",11.960483,11.119585,9.178661
"1032",13.854486,10.95617,9.065149
"1033",13.870356,10.776457,9.432678
"1034",11.282043,10.677566,9.707233
"1035",7.18148,10.486819,9.620389
"1036",11.76147,10.619369,9.839243
"1037",14.055487,11.005648,10.217384
"1038",13.741031,11.014526,10.03773
"1039",13.19466,11.03894,9.950222
"1040",7.864643,10.866785,9.716008
"1041",8.297306,11.073593,9.349097
"1042",9.840147,11.024103,9.623219
"1043",10.116949,11.144586,9.590241
"1044",6.59428,10.758814,9.19228
"1045",8.028538,10.827269,8.768674
"1046",13.060811,10.959969,8.9793
"1047",12.79952,11.925922,9.885872
"1048",4.89594,11.879538,9.859933
"1049",5.146243,11.660243,9.603408
"1050",2.212736,11.300714,9.312454
"1051",8.004623,0,0
"1052",11.066865,16.848181,13.682278
"1053",14.071071,15.630921,13.893202
"1054",14.198148,14.325064,13.580428
"1055",13.81925,13.797234,13.243587
"1056",13.772701,13.540779,13.055244
"1057",14.391429,13.403413,12.974107
"1058",14.929266,13.479287,13.206252
"1059",15.285326,13.476207,13.174642
"1060",15.686154,13.513224,13.223948
"1061",15.003728,13.58181,13.28088
"1062",12.887013,13.701436,13.369508
"1063",12.976368,13.796268,13.437611
"1064",13.950891,13.854305,13.467689
"1065",13.980522,13.850165,13.455436
"1066",14.931474,13.890708,13.471184
"1067",14.903069,14.005031,13.531802
"1068",15.008563,14.102097,13.554681
"1069",15.736487,14.035531,13.425219
"1070",14.456206,14.03863,13.499505
"1071",13.977543,14.017923,13.537451
"1072",12.573359,13.971475,13.476068
"1073",14.784152,13.96317,13.41323
"1074",14.759872,13.834823,13.339584
"1075",15.959667,13.797058,13.430384
"1076",13.815603,13.720827,13.382303
"1077",15.3769,14.085581,13.268188
"1078",14.669328,13.973329,13.150037
"1079",10.211799,13.817557,12.94106
"1080",12.590942,13.824542,12.83896
"1081",14.294683,13.800554,12.738224
"1082",14.081075,13.827014,12.799335
"1083",12.96251,13.802207,12.84355
"1084",14.663564,13.766478,12.820171
"1085",13.572548,13.753926,12.793351
"1086",9.489258,13.833776,12.664294
"1087",6.707581,13.646078,12.211917
"1088",5.641587,13.798183,12.268863
"1089",6.581334,12.966615,11.998296
"1090",5.071141,12.786457,11.579971
"1091",5.66511,12.504891,10.818367
"1092",6.908063,12.065243,10.272689
"1093",8.99662,12.079197,10.179821
"1094",12.320213,12.064725,10.461459
"1095",12.828926,11.983525,10.597634
"1096",14.753122,11.853688,10.335409
"1097",13.174084,11.253571,9.590981
"1098",9.781827,10.967113,9.334431
"1099",12.326949,11.347801,9.338992
"1100",14.068721,11.055339,9.077503
"1101",12.302464,10.594602,9.032294
"1102",10.784477,11.030247,9.656219
"1103",6.931601,10.944524,9.856057
"1104",6.19924,10.873679,9.944311
"1105",8.032211,10.724082,9.887295
"1106",10.547018,10.577925,9.745893
"1107",13.736641,10.637073,9.694765
"1108",12.847932,10.970019,9.468191
"1109",8.447767,10.976526,9.428384
"1110",8.498023,11.003759,9.362192
"1111",12.579546,11.089782,9.29858
"1112",12.15042,10.616104,8.667593
"1113",7.871898,10.433743,8.374545
"1114",7.721312,10.315399,8.170728
"1115",10.014185,10.510135,8.465091
"1116",7.443896,11.141765,9.156722
"1117",4.399408,10.781858,8.889494
"1118",3.396321,10.84654,8.962703
"1119",2.609435,10.883713,8.913205
"1120",5.34674,0,0.417327
"1121",10.357512,15.939973,12.738751
"1122",12.795413,17.029505,13.933479
"1123",13.477818,15.308638,13.786017
"1124",14.509766,13.980702,13.389932
"1125",14.876591,13.568798,13.052806
"1126",14.819424,13.369179,12.866482
"1127",15.520473,13.337669,12.903347
"1128",15.593103,13.487614,13.153484
"1129",15.486647,13.463029,13.180799
"1130",15.48282,13.511656,13.233143
"1131",14.892132,13.594411,13.393563
"1132",11.100771,13.75262,13.410959
"1133",15.068933,13.807437,13.52635
"1134",15.027328,13.88287,13.587426
"1135",14.234207,13.876941,13.471184
"1136",13.814479,13.931558,13.481253
"1137",13.695304,14.053053,13.537281
"1138",14.198308,14.165596,13.624053
"1139",15.790808,14.11792,13.632256
"1140",14.296573,14.079191,13.435021
"1141",15.920957,14.064672,13.449383
"1142",16.445009,14.033169,13.540894
"1143",15.06477,13.967733,13.420441
"1144",15.951239,13.835561,13.339561
"1145",16.115095,13.771925,13.417433
"1146",14.319024,14.284634,13.39159
"1147",15.74946,14.109475,13.154955
"1148",14.399082,14.01025,13.106517
"1149",15.198117,13.915523,12.789153
"1150",13.233151,13.897153,12.804449
"1151",12.3589,13.897824,12.716249
"1152",11.54852,13.907097,12.732601
"1153",11.040102,13.870812,12.814889
"1154",11.482028,13.831179,12.861927
"1155",10.353265,13.835283,12.99243
"1156",9.573984,13.962498,12.983888
"1157",10.163125,13.970428,12.563395
"1158",10.028593,13.666828,12.154694
"1159",9.7526,12.978209,11.946381
"1160",7.746707,12.803478,11.602686
"1161",10.510676,12.463658,10.934021
"1162",11.518989,12.133386,10.335374
"1163",11.598125,12.332367,10.606083
"1164",14.330958,12.263659,10.816058
"1165",15.547101,12.257854,10.908664
"1166",14.350669,11.692684,10.007024
"1167",11.053414,11.55308,9.742134
"1168",14.346093,11.366455,9.519716
"1169",11.69356,10.76553,9.183371
"1170",10.38818,10.632412,9.127289
"1171",9.241616,11.166523,9.595442
"1172",12.462958,11.692245,10.614038
"1173",10.184072,11.937701,11.236657
"1174",12.30895,12.446565,11.856086
"1175",13.034419,11.675089,11.058905
"1176",11.032475,10.897655,9.948813
"1177",8.031202,10.755794,9.356704
"1178",9.633111,10.679745,9.203943
"1179",4.986031,10.760412,9.254013
"1180",6.093958,10.895554,9.284186
"1181",14.725296,10.824055,9.119219
"1182",11.308483,9.912313,8.049249
"1183",7.197252,9.829069,7.777954
"1184",7.667979,10.018237,8.04884
"1185",11.93632,10.412527,8.409865
"1186",7.877015,10.567449,8.788492
"1187",4.009229,10.633715,8.894531
"1188",3.859445,10.516924,8.828942
"1189",7.73852,6.838579,2.62481
"1190",12.758413,12.703067,7.148825
"1191",12.698973,16.804888,13.807132
"1192",13.121239,15.227348,13.725382
"1193",13.089952,13.775025,13.277622
"1194",12.987269,13.419449,13.012589
"1195",14.203319,13.210958,12.838581
"1196",14.726843,13.227377,12.820361
"1197",14.826926,13.257934,12.981915
"1198",13.895816,13.352065,13.107954
"1199",14.952069,13.405899,13.238946
"1200",14.71542,13.511187,13.227727
"1201",13.337072,13.646617,13.326611
"1202",15.475471,13.772181,13.411146
"1203",16.039352,13.8941,13.46989
"1204",15.364345,13.876694,13.447165
"1205",15.203819,13.895519,13.430145
"1206",14.904113,14.015337,13.484349
"1207",12.900293,14.099462,13.538834
"1208",13.88936,14.081716,13.541867
"1209",15.70093,14.020018,13.466728
"1210",16.337568,13.967591,13.397973
"1211",16.388121,13.927534,13.388076
"1212",15.850724,14.426467,13.338696
"1213",16.130203,14.361245,13.238724
"1214",15.184719,14.313231,13.154518
"1215",15.709748,14.203607,13.200622
"1216",15.833414,14.144604,13.354518
"1217",15.47416,14.077174,13.049355
"1218",15.930391,14.014533,12.881819
"1219",15.406944,14.009404,12.802693
"1220",13.069847,13.985579,12.70888
"1221",11.381908,13.928021,12.664398
"1222",14.373077,13.408471,12.770783
"1223",10.17186,13.939488,12.887468
"1224",11.484159,13.921179,12.957058
"1225",12.234011,14.013388,12.968631
"1226",10.610842,14.15922,12.879333
"1227",10.10825,13.882493,12.29773
"1228",10.993534,12.87043,11.732292
"1229",11.478301,12.844991,11.538527
"1230",11.823912,12.56849,11.052209
"1231",12.923013,12.157852,10.446912
"1232",14.069451,12.272551,10.738642
"1233",15.713799,12.478216,11.057303
"1234",15.547826,12.207349,10.679086
"1235",8.236203,11.689507,9.899376
"1236",9.919364,11.62502,9.890236
"1237",12.356634,11.517644,9.65443
"1238",13.306892,10.947559,9.119596
"1239",14.160295,10.670105,9.033966
"1240",12.994075,11.353625,9.955704
"1241",13.784602,11.880118,11.038509
"1242",12.679207,12.395992,11.76696
"1243",14.444106,13.264296,12.598961
"1244",15.064923,12.084291,11.508577
"1245",14.015376,11.146958,10.115099
"1246",9.44629,10.464189,9.391325
"1247",6.681758,10.640859,9.097245
"1248",3.509587,10.597432,9.051329
"1249",4.834814,10.638227,8.991496
"1250",10.742178,10.602379,8.819683
"1251",7.45704,9.410625,7.575444
"1252",4.758454,9.115955,7.222688
"1253",5.460088,9.390965,7.5781
"1254",5.583414,9.758913,7.918596
"1255",5.502515,10.357733,8.595324
"1256",5.154171,10.46259,8.819153
"1257",9.241875,8.442886,3.24194
"1258",12.339968,14.798172,12.046934
"1259",12.673148,16.590143,13.966021
"1260",12.912765,15.809305,13.895318
"1261",14.00826,14.727403,13.445165
"1262",12.425834,13.587727,13.16919
"1263",12.564562,13.373687,12.972886
"1264",12.398418,13.231142,12.742329
"1265",13.126181,13.087169,12.725027
"1266",14.137225,13.208183,12.961557
"1267",14.422372,13.264812,13.126607
"1268",13.483886,13.416662,13.332997
"1269",16.171116,13.574022,13.261983
"1270",16.328875,13.748142,13.341894
"1271",16.081005,13.825415,13.639111
"1272",15.449427,13.824191,13.632634
"1273",16.121386,13.928711,13.421262
"1274",16.119164,14.058081,13.486202
"1275",15.681878,14.094131,13.486024
"1276",16.346588,14.104053,13.500657
"1277",16.118006,14.047653,13.450018
"1278",16.270887,13.982581,13.373419
"1279",16.168867,14.482255,13.35818
"1280",16.866173,14.438662,13.306619
"1281",16.504168,14.380219,13.157783
"1282",14.703422,14.330543,13.051409
"1283",16.043938,14.201316,13.068265
"1284",16.060139,14.192327,13.028876
"1285",15.799971,14.141464,13.04993
"1286",15.602763,14.139167,13.022804
"1287",15.202202,14.062665,12.868671
"1288",14.718271,14.009934,12.710568
"1289",14.238896,14.028793,12.741177
"1290",12.040746,13.44361,12.745547
"1291",12.594979,13.436753,12.797199
"1292",13.642986,13.987986,12.922359
"1293",11.190315,14.07484,12.913548
"1294",10.798195,14.140962,12.742136
"1295",11.173636,14.038778,12.466585
"1296",11.986487,13.21151,12.15273
"1297",11.306971,12.906713,11.645271
"1298",13.047441,12.610444,11.047835
"1299",14.414514,12.294578,10.646941
"1300",15.527244,12.065632,10.397799
"1301",15.908319,12.069571,10.371176
"1302",14.225245,11.923469,10.256459
"1303",12.310607,11.92709,10.498622
"1304",14.005943,12.106276,10.811304
"1305",15.032739,11.633811,9.782674
"1306",14.208629,10.9028,9.002445
"1307",14.588155,10.982136,9.044946
"1308",15.295352,11.508311,10.171591
"1309",14.61342,11.673638,10.615825
"1310",13.36203,12.205267,11.480536
"1311",14.161367,12.503452,11.818053
"1312",14.790705,11.70365,10.816148
"1313",13.751678,11.043673,9.891774
"1314",8.23586,10.647671,9.377844
"1315",13.74645,10.659071,8.916051
"1316",6.207537,10.034638,8.732248
"1317",5.375552,9.92015,8.603057
"1318",6.264339,9.878677,8.448617
"1319",4.871286,9.68266,7.548566
"1320",4.62307,9.47727,7.448956
"1321",3.958859,9.42514,7.446299
"1322",7.239383,9.456712,7.475293
"1323",8.131148,10.058804,8.090317
"1324",7.69291,0,0
"1325",7.36591,8.605445,4.556669
"1326",12.079817,15.41687,13.283158
"1327",12.362295,14.921453,13.244101
"1328",13.718729,16.054445,13.556708
"1329",14.356974,14.810216,13.20334
"1330",14.736137,14.164798,12.922304
"1331",14.386444,13.31298,12.708135
"1332",15.497227,13.092297,12.620954
"1333",15.684259,13.051921,12.764092
"1334",12.20544,13.177997,12.918294
"1335",15.360823,13.402827,13.099409
"1336",16.308619,13.525257,13.300737
"1337",16.308069,13.729007,13.409077
"1338",16.121435,13.793826,13.426888
"1339",16.440256,13.896403,13.365853
"1340",16.394825,13.977695,13.407888
"1341",16.253561,14.618187,13.483248
"1342",16.297232,14.667077,13.418109
"1343",16.33695,14.68944,13.441379
"1344",16.492706,14.089469,13.413232
"1345",16.840824,14.552548,13.323531
"1346",16.776634,14.481319,13.188482
"1347",16.145555,13.865915,13.043518
"1348",14.851048,14.380213,13.070324
"1349",16.51602,14.254739,12.962702
"1350",16.50651,14.272498,12.953451
"1351",16.341459,14.254516,12.961519
"1352",15.403725,14.254045,13.082944
"1353",15.08954,14.227297,13.166101
"1354",14.885427,14.139507,12.902216
"1355",14.61038,14.071044,12.731783
"1356",12.509674,14.096933,12.765735
"1357",13.615095,14.013634,12.686859
"1358",14.753238,13.772596,12.407331
"1359",13.045698,13.449784,12.154966
"1360",12.413596,13.656244,12.263724
"1361",11.19249,13.860669,12.382697
"1362",12.561093,13.894107,12.379113
"1363",11.704667,13.78148,12.264996
"1364",12.018479,12.961034,11.915016
"1365",13.27433,12.58077,11.181763
"1366",15.655965,11.973997,10.452972
"1367",15.912478,11.950206,10.185699
"1368",14.349656,11.985203,10.264971
"1369",14.807234,12.005004,10.342627
"1370",14.027503,11.917305,10.5093
"1371",14.68754,11.772848,10.375355
"1372",14.94416,11.661821,9.815924
"1373",14.098264,10.999991,9.02496
"1374",14.501218,11.318707,9.171927
"1375",14.694755,11.828331,10.376039
"1376",14.579276,11.964736,10.707972
"1377",14.168586,12.258101,11.294299
"1378",13.96015,12.648431,11.670215
"1379",14.424341,11.732626,10.346096
"1380",12.152558,11.093658,9.756209
"1381",6.514291,10.787485,9.280369
"1382",6.783688,10.526457,8.933321
"1383",5.338952,10.019352,8.575923
"1384",5.21129,10.256638,8.423652
"1385",4.336473,10.042925,8.118085
"1386",4.488871,9.556626,7.346926
"1387",4.356937,9.657027,7.449417
"1388",3.764569,9.845076,7.524423
"1389",7.070922,9.646261,7.244261
"1390",7.476909,8.661437,6.608598
"1391",3.770306,0,0
"1392",3.978341,0,0
"1393",7.853293,0,0
"1394",9.411448,0,0
"1395",10.390164,5.63986,2.598801
"1396",12.147171,7.632076,3.173224
"1397",11.901678,14.510464,12.653217
"1398",15.157848,14.131797,12.620375
"1399",15.385402,13.84024,12.669744
"1400",11.689833,13.196346,12.772864
"1401",13.288623,13.317751,12.931685
"1402",16.303761,13.472199,13.086937
"1403",16.475092,13.638912,13.219391
"1404",16.447044,13.792124,13.313662
"1405",16.203117,13.813972,13.303306
"1406",16.401148,14.480185,13.311085
"1407",16.47739,14.513213,13.231235
"1408",16.465599,14.584648,13.198657
"1409",16.359989,14.550514,13.065427
"1410",16.230623,14.607898,13.199766
"1411",16.543364,14.6495,13.313735
"1412",16.594992,14.576807,13.249844
"1413",16.5546,14.369502,12.936664
"1414",15.262686,14.12856,12.68194
"1415",16.45525,14.236807,12.819773
"1416",16.540018,14.379142,13.018662
"1417",16.242453,14.337452,12.987967
"1418",15.936155,14.308191,13.160297
"1419",15.463257,14.335447,13.150431
"1420",14.025852,14.285254,13.055161
"1421",13.215085,14.110331,12.749168
"1422",13.229212,13.887715,12.457796
"1423",13.012439,14.054092,12.635281
"1424",13.631297,13.837914,12.393286
"1425",13.514043,13.251066,11.83322
"1426",12.157738,12.824903,11.506565
"1427",10.70265,13.419218,12.001185
"1428",10.94118,13.562511,12.130142
"1429",11.317314,13.522171,12.060439
"1430",12.059609,13.338177,11.902057
"1431",12.642536,12.171571,11.309892
"1432",14.20866,11.834018,10.484391
"1433",15.149855,11.919122,10.376466
"1434",14.237628,12.001085,10.604311
"1435",14.305819,12.094419,10.752772
"1436",15.132463,12.065554,10.46925
"1437",15.184327,11.52727,9.750554
"1438",13.883542,11.231618,9.590529
"1439",14.502679,11.331272,9.502231
"1440",14.307401,11.131828,9.099919
"1441",14.204371,11.55878,9.806044
"1442",12.992997,12.045736,10.390018
"1443",13.01492,12.249542,10.828753
"1444",12.451349,12.638663,11.679903
"1445",11.43925,13.160416,12.082985
"1446",8.638004,12.623678,11.189964
"1447",9.425713,11.721372,9.839069
"1448",13.605249,11.199909,9.404987
"1449",7.772679,10.609797,8.86941
"1450",5.693619,10.078097,8.390246
"1451",4.409452,10.348588,8.276075
"1452",4.649419,9.785031,7.929842
"1453",4.191126,9.217536,7.28722
"1454",4.081297,9.82549,7.404383
"1455",4.163455,9.937418,7.447057
"1456",4.567154,9.915893,7.20671
"1457",2.239908,0,0
"1458",5.273823,0,0.952829
"1459",5.959569,0,1.212546
"1460",10.907745,5.872262,2.576787
"1461",9.729364,0,0.485196
"1462",11.200724,15.43944,13.080609
"1463",13.976539,14.372298,12.544457
"1464",14.585977,14.116854,12.701884
"1465",15.264627,14.00371,12.933766
"1466",14.841737,13.490987,12.99616
"1467",16.823208,13.679545,13.138302
"1468",16.530344,13.671571,13.153829
"1469",16.228205,13.869382,13.238425
"1470",16.270855,14.514671,13.276738
"1471",16.176474,14.656592,13.348876
"1472",16.191689,14.699868,13.332717
"1473",16.256517,14.732155,13.246158
"1474",15.790874,14.380386,12.798934
"1475",16.164124,14.069171,12.441926
"1476",16.101688,14.325697,12.772395
"1477",15.92898,14.295044,12.811438
"1478",14.978443,13.993525,12.532749
"1479",16.360796,13.992312,12.531033
"1480",16.449989,14.130868,12.660024
"1481",16.285378,14.370447,12.938929
"1482",16.048717,14.411128,13.011866
"1483",15.202515,14.453123,13.202011
"1484",15.103011,14.450983,13.213884
"1485",14.407205,14.418123,13.193404
"1486",13.765969,13.940914,12.482904
"1487",14.086587,13.407618,11.914603
"1488",13.887405,13.398395,11.920428
"1489",12.020465,13.412827,11.916368
"1490",11.329009,13.510791,12.006948
"1491",11.844825,13.758373,12.259055
"1492",11.845307,13.796587,12.325032
"1493",11.915977,13.45435,12.028155
"1494",11.938677,13.295756,11.892688
"1495",13.199708,13.039045,11.676088
"1496",13.551893,11.876589,10.897156
"1497",14.528418,11.901368,10.546994
"1498",13.330782,12.132385,10.665325
"1499",14.002701,12.107347,10.845643
"1500",13.850077,12.27817,11.01701
"1501",13.761787,11.945079,10.416046
"1502",13.265274,11.187019,9.536278
"1503",11.603683,11.002525,9.503444
"1504",13.299602,11.168858,9.505936
"1505",14.372746,11.393837,9.313609
"1506",14.18129,11.668946,9.812052
"1507",12.552971,12.268616,10.497573
"1508",11.159455,12.673054,11.184185
"1509",8.813216,12.933005,11.804007
"1510",6.172241,12.966745,11.778484
"1511",6.251217,13.15363,11.680728
"1512",7.392953,13.105412,11.618345
"1513",11.014536,11.842389,9.793746
"1514",8.881656,10.899771,8.802994
"1515",3.924218,10.232037,7.895834
"1516",3.659861,10.075084,7.718646
"1517",3.7969,10.102539,7.731502
"1518",4.136729,9.814574,7.602801
"1519",3.850494,9.695925,7.526756
"1520",3.813164,9.545895,7.396078
"1521",0.438629,0,0.914083
"1522",7.628212,0,1.142097
"1523",13.182987,0,1.171881
"1524",8.692566,0,0
"1525",8.594164,0,0.997822
"1526",13.872837,14.693154,12.578192
"1527",14.203735,14.104734,12.277241
"1528",15.788941,14.139859,12.631615
"1529",15.560713,14.239584,12.994314
"1530",15.481972,13.874285,13.195247
"1531",15.799683,13.753724,13.12708
"1532",15.584768,14.401581,12.964028
"1533",15.409166,14.586535,13.181111
"1534",14.669671,14.698825,13.330843
"1535",15.484797,14.714186,13.320315
"1536",15.408605,14.705291,13.223366
"1537",15.122833,14.45202,12.838198
"1538",14.385,13.84854,12.196497
"1539",15.503005,13.774092,12.150129
"1540",16.458359,13.952651,12.391799
"1541",16.193151,13.854487,12.358132
"1542",15.968414,13.914825,12.422581
"1543",15.899182,13.937133,12.438725
"1544",15.80052,13.619559,12.111442
"1545",14.955925,13.55814,12.04593
"1546",15.236517,14.257999,12.73997
"1547",15.030406,14.378689,12.909397
"1548",13.331772,14.225409,12.670072
"1549",13.58617,13.42458,11.975118
"1550",13.668176,12.968395,11.585774
"1551",12.62583,11.978003,11.020167
"1552",10.831627,12.48525,11.589661
"1553",11.697207,14.203449,12.62128
"1554",11.715621,14.408904,12.982421
"1555",10.895271,14.237333,12.798903
"1556",12.838404,13.494081,12.062711
"1557",12.327183,13.289323,11.900202
"1558",12.161718,12.521433,11.674328
"1559",13.215494,11.909747,10.873461
"1560",13.120731,11.884748,10.512929
"1561",12.877076,12.050593,10.614095
"1562",12.511414,12.105837,10.757285
"1563",13.919794,12.38781,11.110041
"1564",12.161926,12.196583,10.757628
"1565",13.381239,11.479164,9.837317
"1566",10.80508,11.129416,9.626336
"1567",10.37969,11.197935,9.68517
"1568",14.634425,11.393427,9.690177
"1569",14.708296,11.865175,10.211756
"1570",13.999652,12.261889,10.482209
"1571",13.42879,12.778278,11.146643
"1572",9.379266,12.940552,11.293075
"1573",6.406404,12.88486,11.307907
"1574",5.520142,12.825262,11.068615
"1575",6.010511,13.071522,11.496614
"1576",5.613878,12.608008,10.411036
"1577",3.513311,10.837872,8.311835
"1578",3.503483,10.324043,7.668321
"1579",4.180505,10.169282,7.519127
"1580",3.953527,10.180164,7.677787
"1581",3.799956,10.3291,7.853946
"1582",2.876836,9.979053,7.83523
"1583",3.157204,10.215433,7.510234
"1584",0.282493,0,0
"1585",1.42186,0,0.257958
"1586",12.683706,5.826881,3.625736
"1587",10.25068,0,3.327815
"1588",11.563125,0,0
"1589",13.157856,0,1.806699
"1590",11.921408,10.157526,8.575243
"1591",14.695392,12.49091,12.068419
"1592",14.886559,14.679342,13.09801
"1593",14.470271,14.662498,13.252801
"1594",14.39894,14.601355,13.125652
"1595",13.754433,14.375302,12.799052
"1596",14.950567,14.54495,12.988297
"1597",15.092128,14.726443,13.276923
"1598",15.112906,14.800823,13.311649
"1599",14.998681,14.593946,12.96967
"1600",14.660047,14.256183,12.600347
"1601",15.033597,14.069606,12.394917
"1602",16.032154,14.035276,12.330699
"1603",16.280277,14.074396,12.433356
"1604",15.59148,13.858702,12.312023
"1605",15.607774,13.523469,12.083709
"1606",15.538418,13.105561,11.740045
"1607",15.75561,12.29058,11.42354
"1608",15.049806,12.265508,11.402133
"1609",14.656393,12.286707,11.39875
"1610",13.094357,12.958739,11.574311
"1611",11.757657,12.959899,11.559868
"1612",12.506809,12.961307,11.544449
"1613",12.220204,12.06453,10.976285
"1614",10.442968,12.356039,10.597053
"1615",11.503952,12.038265,10.905842
"1616",11.645226,12.80564,11.850854
"1617",11.76333,14.075984,12.484112
"1618",12.388081,13.56938,12.071344
"1619",12.538859,13.468864,12.009489
"1620",11.801447,13.517676,12.082957
"1621",10.471027,13.479713,12.025227
"1622",13.510958,12.243029,11.280828
"1623",13.555412,11.73526,10.432844
"1624",13.634105,11.656939,10.177522
"1625",9.457245,12.023293,10.598949
"1626",13.282905,12.66703,11.100574
"1627",12.567832,12.522507,10.918393
"1628",13.080684,12.405883,10.285984
"1629",11.212102,12.042952,9.980432
"1630",9.250647,11.959078,9.95809
"1631",14.17336,12.006406,10.01902
"1632",14.298673,12.419899,10.504765
"1633",14.144013,12.564688,10.592726
"1634",12.865859,12.605616,10.758085
"1635",11.578352,12.763627,10.751924
"1636",11.870343,12.819239,10.882317
"1637",10.588344,12.73646,10.690268
"1638",9.935015,12.805174,10.665923
"1639",4.788655,12.326454,9.668853
"1640",3.56792,11.09211,8.970695
"1641",3.41864,10.63892,8.358105
"1642",4.100259,10.40087,8.225778
"1643",3.640256,10.727119,8.550965
"1644",2.756015,10.562449,8.269079
"1645",3.111464,10.465726,7.918925
"1646",0.212659,0,0.230219
"1647",8.323348,0,1.842019
"1648",11.798906,12.48611,7.587253
"1649",13.817866,15.348088,12.975034
"1650",14.106254,14.061867,12.238256
"1651",12.925723,10.312213,9.207636
"1652",13.436652,10.717799,10.576263
"1653",15.34067,14.412199,12.592863
"1654",14.805834,14.79308,13.192607
"1655",14.200419,14.613332,12.970728
"1656",11.936941,14.112469,12.444058
"1657",13.786476,14.378155,12.660969
"1658",14.06837,14.713214,13.066234
"1659",14.146126,14.45529,12.728741
"1660",13.926093,13.363696,11.873923
"1661",14.466933,13.110718,11.635423
"1662",14.374316,13.253707,11.76421
"1663",14.941104,13.24523,11.764627
"1664",15.370614,12.134675,10.964113
"1665",15.616674,12.613991,11.030952
"1666",15.51803,12.303926,10.635292
"1667",13.774719,12.122216,10.452856
"1668",14.319499,11.821736,10.787455
"1669",14.610022,11.920252,10.95601
"1670",13.482829,11.878411,10.831166
"1671",12.369394,12.40906,10.767321
"1672",11.745011,12.118409,11.020387
"1673",11.564379,12.085961,10.941934
"1674",9.726433,11.913037,10.505956
"1675",9.018246,12.37053,10.471635
"1676",10.96072,12.41232,10.559221
"1677",11.597635,11.954667,10.712215
"1678",10.058812,12.198841,11.13004
"1679",10.775202,12.380997,11.496362
"1680",13.328688,13.322283,11.92532
"1681",13.385948,13.633771,12.202133
"1682",13.779257,13.780571,12.283876
"1683",13.253257,12.657328,11.736664
"1684",13.454149,11.754273,10.393246
"1685",13.789254,11.816055,10.321739
"1686",13.760899,11.958895,10.51765
"1687",10.801083,12.446643,10.848356
"1688",12.391119,13.188998,10.846433
"1689",12.065925,12.524345,10.35655
"1690",11.413027,12.17945,10.079145
"1691",9.045939,12.066355,10.030635
"1692",13.082115,12.003613,10.00489
"1693",13.649175,12.057398,10.013262
"1694",13.915516,12.461782,10.49524
"1695",12.217676,12.295425,10.500766
"1696",11.866882,12.490073,10.279512
"1697",12.758195,12.705484,10.438667
"1698",9.425676,12.687783,10.316196
"1699",9.004451,12.289294,10.086233
"1700",4.236831,11.453926,9.474543
"1701",4.184627,11.709826,9.436459
"1702",3.112738,11.419945,9.137799
"1703",2.826945,11.16916,8.897546
"1704",2.8136,11.310551,8.900751
"1705",2.042248,11.16967,8.55137
"1706",3.004668,0,0
"1707",9.431597,15.551386,10.956792
"1708",11.388826,17.091562,14.189675
"1709",13.657987,16.322031,14.126493
"1710",13.499946,15.505162,13.501678
"1711",8.13204,10.815862,7.844769
"1712",13.718045,11.636021,9.819148
"1713",14.889631,13.921628,12.466139
"1714",14.794847,12.878028,11.880373
"1715",13.92841,12.577379,11.625684
"1716",14.533659,12.751688,11.729259
"1717",14.002424,13.061139,11.992126
"1718",13.013677,12.95195,11.866656
"1719",11.300918,12.511611,11.317751
"1720",12.176813,12.70599,10.742985
"1721",12.406699,12.688772,10.717975
"1722",11.805194,11.94748,10.273551
"1723",13.989478,11.572883,9.753939
"1724",15.157653,12.159034,9.980547
"1725",15.486447,12.054989,10.199773
"1726",13.779877,12.029687,10.279091
"1727",14.999387,12.223233,10.388178
"1728",15.701588,12.106426,10.322942
"1729",14.678603,11.9596,10.1543
"1730",12.223937,11.96387,10.110526
"1731",11.320384,12.197082,10.271099
"1732",10.137204,11.847788,10.412617
"1733",9.379354,11.93666,10.404303
"1734",10.385235,11.897488,10.337566
"1735",11.974912,11.937999,10.476756
"1736",10.72542,12.030071,10.622536
"1737",6.780523,12.214471,10.943175
"1738",11.71663,12.42602,11.395372
"1739",13.35598,13.313614,11.916317
"1740",13.670076,13.744506,12.262781
"1741",13.638348,13.78141,12.298067
"1742",13.163072,12.796768,11.943359
"1743",13.687697,11.853056,10.441916
"1744",13.143194,11.798856,10.28558
"1745",12.887936,11.869637,10.362381
"1746",11.62534,12.298504,10.612761
"1747",10.35126,13.012366,10.624837
"1748",11.06993,12.696553,10.274408
"1749",11.163751,12.47505,10.136072
"1750",8.156996,12.32022,10.078698
"1751",12.468498,12.144814,10.005118
"1752",13.973238,12.262036,10.057621
"1753",12.644963,12.09576,9.995921
"1754",11.315636,12.197156,9.893137
"1755",11.54057,12.255148,10.06993
"1756",9.571451,12.292866,9.561067
"1757",9.803056,12.096626,9.742384
"1758",6.134412,11.391969,9.413409
"1759",3.889009,11.956395,9.536987
"1760",2.931279,11.755332,9.436597
"1761",3.177423,11.449591,9.106473
"1762",2.780826,11.09576,8.750614
"1763",2.624646,11.376845,8.768563
"1764",2.431206,11.011358,8.473056
"1765",0.29634,0,0
"1766",7.442328,15.956791,10.821784
"1767",11.037855,17.486254,14.353279
"1768",12.328736,16.827415,14.412093
"1769",11.087643,16.024904,14.113425
"1770",10.35561,13.60316,12.258933
"1771",12.146729,11.580549,9.217306
"1772",15.160592,11.889284,9.327421
"1773",14.096955,11.297124,9.147182
"1774",12.761875,11.267087,9.319157
"1775",13.815845,11.755193,9.867499
"1776",13.487774,12.151305,10.443836
"1777",13.476279,12.737598,11.495888
"1778",13.174617,12.46358,10.95628
"1779",13.511985,12.815415,10.667533
"1780",11.914485,12.608104,10.292524
"1781",9.759258,11.89289,9.896645
"1782",10.801813,11.738384,9.77521
"1783",14.325023,12.110106,9.799795
"1784",14.204268,12.049313,10.092657
"1785",9.379141,12.080541,10.194493
"1786",12.53871,12.140426,10.191319
"1787",14.780833,11.964916,10.03994
"1788",14.368443,11.86934,9.982553
"1789",10.503943,11.902763,9.896356
"1790",10.210837,12.086884,9.94839
"1791",7.765062,11.796652,10.260799
"1792",6.164466,11.917282,10.332588
"1793",9.848494,11.989407,10.316496
"1794",11.862482,12.075551,10.52281
"1795",8.623592,12.174599,10.663218
"1796",8.119924,12.309926,10.784655
"1797",11.039178,12.393331,11.074395
"1798",11.304163,12.548929,11.583812
"1799",14.173417,12.766469,11.871759
"1800",14.005211,12.381318,11.385915
"1801",12.455237,11.714926,10.298849
"1802",12.490304,11.643545,9.612772
"1803",12.641136,11.341619,9.739057
"1804",11.775384,11.640579,10.023562
"1805",12.244415,12.367699,10.20348
"1806",11.43891,12.3179,9.988948
"1807",11.766905,12.380167,9.953206
"1808",11.535325,12.510329,10.060802
"1809",9.376817,12.503223,10.068671
"1810",9.010176,12.456985,10.059034
"1811",13.349997,12.378397,10.034057
"1812",11.407617,12.269534,10.005265
"1813",10.71503,12.197567,9.9203
"1814",10.276301,12.121166,9.681134
"1815",9.323633,11.552362,9.428649
"1816",7.048257,11.611858,9.403483
"1817",5.46473,11.808562,9.36953
"1818",3.930523,11.905077,9.472653
"1819",4.623209,11.528051,9.315149
"1820",4.027354,11.317803,9.095018
"1821",2.548879,11.156507,8.87746
"1822",2.978715,11.429495,8.785963
"1823",3.28804,0,2.850098
"1824",8.702311,18.241093,13.662779
"1825",10.510208,17.422155,14.410748
"1826",12.334243,16.825562,14.277314
"1827",12.829273,13.641252,12.040379
"1828",13.992885,12.581314,10.808712
"1829",15.004378,12.308651,10.016064
"1830",13.63261,11.626116,9.415273
"1831",13.317926,11.95163,9.849168
"1832",13.501524,12.001113,9.905041
"1833",13.080862,12.040699,9.931199
"1834",13.203797,12.469388,10.866287
"1835",13.152931,12.522533,10.813159
"1836",12.447197,12.836963,10.566184
"1837",11.231317,12.19237,10.187116
"1838",10.898725,12.057299,9.97821
"1839",10.202468,12.000658,9.993954
"1840",11.586557,11.669675,9.67069
"1841",11.167157,12.011525,9.729994
"1842",10.187584,11.944904,9.847474
"1843",13.536045,11.993243,9.777818
"1844",13.3597,11.868531,9.651896
"1845",12.503926,11.885414,9.653526
"1846",12.805695,11.922405,9.59284
"1847",9.236609,11.975384,9.599983
"1848",9.294518,11.663754,9.933651
"1849",8.517226,11.887781,10.163817
"1850",8.230318,12.425247,10.137516
"1851",8.339079,12.175899,10.390928
"1852",7.449028,12.285114,10.548978
"1853",9.960688,12.242371,10.569887
"1854",11.671104,12.433169,10.810116
"1855",11.261809,12.092445,10.539217
"1856",12.542333,11.67262,10.093149
"1857",10.82609,11.731894,9.565739
"1858",7.566068,11.392601,9.320378
"1859",11.206561,11.332289,9.215898
"1860",9.54768,11.460252,9.289928
"1861",10.357903,11.726208,9.416048
"1862",8.968297,11.641617,9.476494
"1863",8.268516,11.878534,9.604925
"1864",9.685168,12.031959,9.686082
"1865",11.342328,12.277981,9.858932
"1866",9.196507,12.489395,9.984394
"1867",7.013155,12.483258,9.985966
"1868",12.437047,12.31311,9.960766
"1869",11.488254,12.179692,9.908127
"1870",10.784657,12.158543,9.800862
"1871",9.820779,12.166197,9.697474
"1872",8.327884,11.864868,9.561972
"1873",5.779876,11.584228,9.187085
"1874",4.489902,11.557421,8.908828
"1875",4.169445,11.447702,9.04766
"1876",3.970293,11.339663,9.255112
"1877",3.920574,11.455707,9.441075
"1878",2.675961,11.553259,9.479986
"1879",2.009667,0,2.834362
"1880",8.742682,17.646015,12.724462
"1881",10.857639,16.572466,13.688163
"1882",13.429477,14.202699,12.712879
"1883",13.117376,14.322132,12.925479
"1884",14.036272,13.628686,12.354357
"1885",13.499069,12.760189,11.05574
"1886",13.482749,12.873382,11.407153
"1887",13.125165,12.667427,10.810731
"1888",12.883381,12.423116,10.352237
"1889",13.26462,12.440191,10.389885
"1890",13.437775,12.714378,10.075609
"1891",13.657437,12.246187,9.733682
"1892",12.475157,12.247662,9.665919
"1893",12.99944,12.031099,9.783929
"1894",10.823477,11.949083,9.718317
"1895",7.816433,11.450883,9.291844
"1896",6.169792,11.219815,9.131772
"1897",6.192287,11.637865,9.153673
"1898",9.40095,11.906556,9.463486
"1899",11.119108,11.794817,9.414381
"1900",11.42227,11.642089,9.213355
"1901",9.135172,11.576952,9.123741
"1902",9.619583,11.789234,9.312349
"1903",9.013107,11.950865,9.592192
"1904",6.676016,12.204534,9.900493
"1905",5.090618,12.188267,9.889252
"1906",5.744193,12.259279,9.914914
"1907",5.51848,12.169538,9.854534
"1908",11.958052,11.793737,9.931116
"1909",12.163841,11.971677,9.990827
"1910",12.195271,11.802944,9.514188
"1911",11.98526,11.521253,9.274234
"1912",11.448297,11.410198,9.137402
"1913",9.269811,11.439373,9.184568
"1914",8.698008,11.583813,9.258937
"1915",8.42886,11.540476,9.24903
"1916",6.958538,11.795837,9.387183
"1917",6.83542,11.839542,9.480021
"1918",5.82727,11.938547,9.579285
"1919",5.293954,11.862689,9.559949
"1920",5.913352,11.896561,9.63256
"1921",5.575636,12.264089,9.898689
"1922",5.600877,12.405519,9.981922
"1923",8.734821,12.30794,9.931584
"1924",8.710501,12.156257,9.808085
"1925",8.76583,11.918312,9.592939
"1926",8.417233,11.741251,9.498474
"1927",6.6578,11.656504,9.442181
"1928",5.682939,11.326546,9.006472
"1929",4.239971,11.121308,8.52706
"1930",5.44504,10.866203,8.428057
"1931",5.123966,10.959452,8.784031
"1932",3.265643,11.344667,9.306888
"1933",2.739414,11.616318,9.485216
"1934",0.051405,0,0
"1935",6.389174,14.287991,9.216682
"1936",11.21553,16.637136,13.535467
"1937",13.326517,15.696079,13.861865
"1938",13.012475,15.614158,13.767558
"1939",13.704039,13.49002,12.214821
"1940",13.494178,12.98223,11.706437
"1941",13.752906,13.12622,11.884259
"1942",13.703527,12.866335,11.276358
"1943",13.099795,12.730445,10.788879
"1944",13.244536,12.723433,9.970095
"1945",13.831598,12.124853,9.375528
"1946",13.655336,12.055195,9.284014
"1947",12.642606,11.939128,9.303103
"1948",13.102077,11.930203,9.326717
"1949",11.401031,11.842976,9.154498
"1950",10.807716,11.185266,8.940332
"1951",6.050216,10.934549,8.687525
"1952",8.963893,11.000274,8.824432
"1953",14.208414,11.756303,9.243322
"1954",14.461064,11.597762,9.108091
"1955",13.268641,11.134415,8.631246
"1956",8.732862,11.063735,8.538025
"1957",9.560694,11.522585,8.9158
"1958",7.406656,11.938052,9.395707
"1959",5.290921,12.351315,9.915733
"1960",5.510058,12.240442,9.823168
"1961",4.213151,12.199132,9.71344
"1962",3.954551,12.063457,9.603781
"1963",9.865019,11.92496,9.458059
"1964",9.981086,11.735051,9.272616
"1965",11.023531,11.617772,9.260142
"1966",12.191872,11.587403,9.221325
"1967",10.256151,11.505261,9.11627
"1968",8.069802,11.527515,9.160163
"1969",7.538695,11.708036,9.26748
"1970",8.151403,11.631662,9.211114
"1971",7.877237,11.712113,9.300723
"1972",9.109237,11.8849,9.444437
"1973",7.309704,12.084293,9.578521
"1974",4.47481,12.109935,9.605403
"1975",4.13886,11.781561,9.512674
"1976",3.084218,11.756792,9.559731
"1977",5.82451,11.946589,9.663365
"1978",6.617438,12.201033,9.761312
"1979",7.557456,12.028347,9.615652
"1980",9.561407,11.680576,9.44132
"1981",5.27587,11.738059,9.488318
"1982",5.164335,11.615455,9.3619
"1983",4.187891,11.344621,8.97043
"1984",3.74568,11.041224,8.412255
"1985",4.635735,10.469816,8.042553
"1986",2.092525,10.65365,8.241808
"1987",3.584168,11.144405,8.833531
"1988",4.045289,9.750264,5.927284
"1989",9.940626,15.389316,11.960218
"1990",11.643889,16.256536,13.644029
"1991",13.130918,14.318972,12.194653
"1992",12.94534,10.633754,8.203486
"1993",13.747397,10.986275,9.045872
"1994",13.964159,12.800887,11.67169
"1995",14.129401,13.417429,12.246165
"1996",13.667325,13.113698,11.601629
"1997",13.684218,12.88274,9.98131
"1998",13.582175,12.307029,9.283011
"1999",13.609598,12.330493,9.26209
"2000",12.571926,12.367486,9.323932
"2001",10.604679,12.392068,9.475946
"2002",8.250662,12.227144,9.417599
"2003",10.523501,11.977531,9.148489
"2004",12.060651,11.101649,8.77416
"2005",14.195099,11.290672,8.629305
"2006",13.808268,11.38552,8.954041
"2007",11.818534,11.211838,8.812995
"2008",11.269411,10.926584,8.426753
"2009",7.921571,10.945157,8.409196
"2010",13.456828,10.80991,8.421144
"2011",12.636349,11.488346,8.635479
"2012",11.274963,12.551682,9.714093
"2013",10.591827,12.365932,9.65998
"2014",4.219426,11.889415,9.139603
"2015",3.303918,11.907288,9.350959
"2016",5.534042,11.737831,9.226636
"2017",10.602577,11.681893,9.175673
"2018",11.416338,11.634722,9.188898
"2019",12.621609,11.584208,9.169141
"2020",12.394598,11.526958,9.085896
"2021",9.48617,11.505919,9.046929
"2022",6.767219,11.485865,9.042912
"2023",10.456466,11.519415,9.100502
"2024",8.544799,11.504591,9.177412
"2025",8.970519,11.6367,9.252848
"2026",8.40613,11.898789,9.361543
"2027",6.790537,11.80937,9.30388
"2028",4.706623,11.533801,9.243896
"2029",4.950928,11.702993,9.35507
"2030",6.208882,11.78251,9.378714
"2031",8.694463,11.9076,9.474238
"2032",10.13216,11.678726,9.377253
"2033",9.776371,11.595029,9.362387
"2034",4.608524,11.732653,9.463305
"2035",4.458169,11.55604,9.283168
"2036",3.007241,11.039246,8.749927
"2037",3.917836,10.650305,8.154517
"2038",2.261565,10.224063,7.774926
"2039",3.84836,10.255344,7.780691
"2040",6.811024,16.385063,11.588799
"2041",7.920278,16.327906,12.716984
"2042",11.770487,12.260765,10.353227
"2043",12.659394,11.484936,9.068098
"2044",13.128806,11.836465,9.40958
"2045",13.799389,12.282882,11.283401
"2046",13.876196,12.594309,11.466199
"2047",13.715113,14.977089,12.918873
"2048",13.50663,15.991208,13.501742
"2049",13.188707,13.467833,10.084988
"2050",13.291966,12.562913,9.260331
"2051",13.033586,12.59365,9.347518
"2052",12.696655,12.752573,9.595837
"2053",11.245745,12.753085,9.749079
"2054",13.070618,12.400625,9.478792
"2055",12.500329,11.895401,9.099493
"2056",13.273728,11.470752,8.89862
"2057",12.395596,11.373204,8.927971
"2058",10.844423,11.233902,8.801245
"2059",11.925936,11.000144,8.522913
"2060",12.788045,11.018831,8.471805
"2061",14.40174,10.570988,8.079417
"2062",13.763652,10.98055,7.563765
"2063",11.969341,11.725191,8.919545
"2064",10.153531,12.048128,9.071951
"2065",7.829869,11.110861,8.530169
"2066",3.925399,11.655939,9.019653
"2067",3.882931,11.632185,9.144111
"2068",5.388227,11.684174,9.169731
"2069",9.21644,11.725443,9.207384
"2070",12.828176,11.621017,9.21244
"2071",12.759704,11.542638,9.061742
"2072",8.539548,11.53731,8.981948
"2073",4.96223,11.128386,8.70988
"2074",8.893656,11.181711,8.75998
"2075",4.742343,11.427161,9.041364
"2076",5.54383,11.387059,9.034648
"2077",7.461038,11.719321,9.113516
"2078",6.11405,11.636761,9.020919
"2079",6.011283,11.37137,8.955206
"2080",7.605972,11.577596,9.158802
"2081",7.759733,11.602368,9.195859
"2082",7.878201,11.417747,9.132157
"2083",10.405976,11.404054,9.199376
"2084",9.800871,11.480313,9.267129
"2085",6.572789,11.434671,9.237415
"2086",5.13348,11.38497,9.0938
"2087",3.915987,11.006197,8.693235
"2088",2.894803,10.58735,8.13726
"2089",1.645662,10.170416,7.684902
"2090",0.185006,3.60203,1.26632
"2091",3.931791,10.261769,4.618989
"2092",11.221363,12.356521,8.888602
"2093",12.563253,15.837914,13.107944
"2094",11.949317,15.927176,13.324494
"2095",12.724029,13.17956,12.134329
"2096",13.168232,12.625044,11.369219
"2097",13.020979,16.048733,13.714032
"2098",13.282756,16.409515,14.286699
"2099",13.190218,16.720142,14.260964
"2100",13.087903,13.990133,10.708685
"2101",13.532479,13.22805,10.01804
"2102",12.817918,13.213954,10.154489
"2103",13.104581,13.017394,10.060545
"2104",13.009839,12.651911,9.764226
"2105",14.056824,12.172441,9.417048
"2106",13.547519,11.585316,9.029466
"2107",10.525614,11.405437,8.898742
"2108",11.906619,11.330299,8.805704
"2109",10.975018,11.124844,8.60326
"2110",9.262661,10.858725,8.255273
"2111",13.559657,10.333827,7.785673
"2112",11.180442,10.562348,7.648622
"2113",7.911506,10.711034,7.983647
"2114",7.48064,10.900031,8.351066
"2115",7.120742,11.09005,8.508055
"2116",4.723476,11.999438,9.16638
"2117",3.767058,11.785063,9.175028
"2118",5.613425,11.682087,9.095
"2119",7.214507,11.837558,9.256385
"2120",11.488483,11.858974,9.220091
"2121",11.25268,11.721012,9.083309
"2122",10.821725,11.704914,9.061268
"2123",8.184353,11.211223,8.703347
"2124",6.509116,11.088021,8.655111
"2125",9.313436,11.340281,8.890224
"2126",9.003977,11.28837,8.86972
"2127",7.323395,11.69838,8.993954
"2128",5.463703,11.790033,9.003201
"2129",4.050373,11.443519,8.84686
"2130",6.021108,11.51019,8.885277
"2131",8.888004,11.44396,8.924272
"2132",10.187203,11.253653,8.894644
"2133",9.759616,11.228385,9.000333
"2134",9.69022,11.407947,9.113553
"2135",7.596319,11.120877,8.903355
"2136",6.30268,11.076591,8.780085
"2137",4.349784,11.147161,8.657593
"2138",1.842219,10.844408,8.23008
"2139",1.5542,10.335787,7.753908
"2140",0.952237,0,0
"2141",8.604127,10.910976,5.329825
"2142",11.838724,16.288193,13.20993
"2143",12.494759,16.262596,12.504485
"2144",12.636951,14.007197,11.70919
"2145",12.418084,13.992019,10.274695
"2146",13.200032,17.33407,13.335321
"2147",12.920041,16.77359,14.408595
"2148",12.924115,16.776836,14.474635
"2149",13.00492,16.52556,14.302544
"2150",12.917994,14.382437,12.153773
"2151",11.83299,13.730051,11.289728
"2152",13.17239,13.444155,11.067662
"2153",13.257807,13.209705,10.823034
"2154",13.450249,13.047249,10.435184
"2155",12.298216,12.151222,9.495577
"2156",5.603253,11.680168,9.093777
"2157",9.119306,11.610343,9.001566
"2158",6.356319,11.378203,8.781831
"2159",5.481751,11.082053,8.394113
"2160",10.345903,10.869016,8.175213
"2161",8.321174,10.25107,7.912859
"2162",8.193096,10.277242,7.879201
"2163",8.916057,10.411181,8.036522
"2164",11.637013,11.365214,8.559319
"2165",6.644558,11.780593,9.139447
"2166",6.37042,11.87018,9.147256
"2167",6.00632,11.979067,9.207797
"2168",7.740994,11.986281,9.360447
"2169",8.529558,11.853158,9.202755
"2170",8.166573,11.987749,9.212076
"2171",8.517402,11.643341,9.003568
"2172",8.207785,11.293728,8.735697
"2173",6.8292,11.27243,8.623399
"2174",7.838867,11.368777,8.815151
"2175",8.852825,11.476204,8.867156
"2176",5.552588,11.654095,8.945972
"2177",3.840724,11.80439,8.991669
"2178",3.772039,11.327091,8.681665
"2179",5.927938,11.3133,8.471905
"2180",8.659561,11.083622,8.381454
"2181",8.682032,10.929857,8.419217
"2182",9.610289,10.827769,8.424858
"2183",7.696378,10.713565,8.263855
"2184",6.466141,10.926681,8.413859
"2185",5.536502,10.935116,8.399328
"2186",3.409228,11.018181,8.332287
"2187",3.620866,10.889963,8.16879
"2188",0.766136,0,0.013534
"2189",7.734617,12.227717,6.160848
"2190",11.687383,12.640737,7.846986
"2191",8.954365,13.432638,8.790825
"2192",6.770161,12.811075,7.830367
"2193",10.93757,12.130295,6.828967
"2194",13.042047,17.303654,14.352888
"2195",12.167847,17.192877,14.530252
"2196",12.002018,16.334589,14.470635
"2197",12.061345,15.823673,13.946065
"2198",12.083574,14.28533,12.639962
"2199",10.987881,12.930119,11.888979
"2200",9.082076,13.117849,11.829973
"2201",6.483728,13.305545,11.72596
"2202",8.228213,13.032896,10.704073
"2203",4.405387,12.05969,9.267917
"2204",3.759876,11.718074,8.9993
"2205",4.300315,11.532076,8.856948
"2206",4.949891,11.535082,8.863117
"2207",4.59447,11.374002,8.702305
"2208",5.789583,10.903892,8.19661
"2209",12.481718,10.927315,8.199924
"2210",11.610435,10.993505,8.28719
"2211",9.450015,11.162806,8.460847
"2212",9.26079,11.642365,9.060644
"2213",8.783151,11.994461,9.248203
"2214",4.983063,12.288517,9.440036
"2215",6.747814,12.362489,9.534824
"2216",7.079343,12.251142,9.449553
"2217",8.769975,12.278831,9.417584
"2218",7.254569,11.887644,9.172986
"2219",5.597621,11.516439,8.724438
"2220",5.322014,11.426628,8.562215
"2221",8.124236,11.481668,8.642241
"2222",8.06885,11.714903,8.868462
"2223",6.414269,11.819891,8.968232
"2224",3.48246,11.766222,8.885944
"2225",3.37231,11.06468,8.356296
"2226",6.032628,11.156126,8.29751
"2227",9.024383,10.943147,8.272172
"2228",8.748005,10.93346,8.369065
"2229",9.399598,10.875705,8.36354
"2230",8.03371,10.522171,8.023359
"2231",6.37581,10.439063,7.890648
"2232",4.463703,10.539843,8.001801
"2233",3.771444,10.624884,8.036603
"2234",0.980101,0,0.802547
"2235",3.441009,0,1.177394
"2236",2.19932,0,3.193398
"2237",0.351356,0,1.988725
"2238",1.41576,0,0.914596
"2239",6.6178,16.191385,10.862875
"2240",11.792654,17.583282,13.515989
"2241",13.293187,16.869499,14.417794
"2242",12.875307,15.913086,14.197581
"2243",12.559789,14.982147,13.259227
"2244",12.337755,13.726126,12.347385
"2245",12.006368,13.312492,12.277432
"2246",9.458582,13.75414,12.345501
"2247",8.855699,13.678507,11.855749
"2248",3.525289,12.720069,9.841379
"2249",3.408019,11.811165,9.06058
"2250",2.678564,11.679539,8.903138
"2251",4.986056,11.603352,8.835764
"2252",5.286042,11.267468,8.513966
"2253",3.715285,10.839723,8.126678
"2254",6.379207,11.017698,8.322043
"2255",6.73826,11.142253,8.386214
"2256",12.932044,11.14198,8.421235
"2257",9.890304,11.841669,9.124433
"2258",7.220143,12.226984,9.473639
"2259",6.909324,12.340606,9.549793
"2260",4.371071,12.541063,9.630703
"2261",7.848798,12.596175,9.633704
"2262",8.895761,12.719748,9.671687
"2263",5.511846,12.364727,9.39394
"2264",3.899265,11.889562,8.779122
"2265",5.103728,11.78724,8.66737
"2266",4.480962,11.900703,8.8059
"2267",7.21735,12.040672,9.053581
"2268",6.561228,11.847635,8.885123
"2269",4.285409,11.509651,8.486629
"2270",4.470633,10.966541,8.155351
"2271",4.459748,11.211411,8.281137
"2272",6.176682,11.184411,8.36342
"2273",5.533804,11.05896,8.417896
"2274",6.586223,11.019025,8.384338
"2275",4.444287,10.612854,8.187678
"2276",3.876989,10.460552,7.860144
"2277",0.219332,0,1.547206
"2278",0.241167,0,1.803309
"2279",0.09405,0,2.198449
"2280",0.039046,0,0.671915
"2281",0.01223,0,0
"2282",0.47212,0,2.253432
"2283",3.853907,16.285137,11.234641
"2284",11.165033,16.856575,13.289864
"2285",13.587336,11.979455,8.797299
"2286",13.759894,12.202203,10.750734
"2287",11.830863,12.985346,11.878522
"2288",11.377226,13.725451,12.509335
"2289",10.164617,13.571372,12.28325
"2290",4.631572,12.5221,10.579914
"2291",4.004459,11.984206,9.243779
"2292",3.379412,11.726643,8.971657
"2293",6.298495,11.565862,8.786809
"2294",5.225622,11.123931,8.35582
"2295",6.232679,10.864403,8.138908
"2296",7.720943,11.00993,8.272629
"2297",9.024463,11.211308,8.423734
"2298",10.747106,11.199708,8.43795
"2299",13.274229,12.094494,9.203937
"2300",11.390896,12.417291,9.627126
"2301",13.306496,12.396577,9.545893
"2302",9.685069,12.419187,9.441916
"2303",8.086835,12.34579,9.439141
"2304",6.946056,12.80548,9.617203
"2305",4.340515,12.530828,9.196243
"2306",4.135311,12.076622,8.611421
"2307",2.995153,12.237341,8.830397
"2308",3.241721,12.528694,9.201467
"2309",3.752643,12.464806,9.279222
"2310",5.590534,11.956675,8.801862
"2311",4.89151,11.576277,8.394197
"2312",4.632551,11.439888,8.325773
"2313",4.930202,11.405644,8.364274
"2314",5.689957,11.485398,8.533211
"2315",4.599257,11.488846,8.594118
"2316",3.190507,11.458427,8.632688
"2317",0.006931,0,0
"2318",0.001626,0,0.178888
"2319",0.015062,0,0
"2320",0,0,0
"2321",0.000303,0,0
"2322",0.910698,0,0.283905
"2323",8.705703,9.942392,5.091527
"2324",12.745703,11.768257,7.086776
"2325",13.174324,12.98486,10.544677
"2326",12.380066,14.128113,12.908226
"2327",8.075253,13.552152,12.560537
"2328",5.000227,12.638618,11.638671
"2329",6.401923,12.275773,9.923071
"2330",5.162325,12.081504,9.457464
"2331",6.518417,12.067514,9.282305
"2332",5.307135,12.219583,9.276592
"2333",9.636327,12.041298,9.103595
"2334",9.325409,11.529857,8.684715
"2335",13.535753,11.215678,8.415717
"2336",13.463168,11.285954,8.469232
"2337",13.93682,11.744884,8.871844
"2338",13.515237,12.246037,9.319453
"2339",13.411802,11.805704,8.928163
"2340",8.859686,11.664434,8.439227
"2341",6.204693,10.393222,7.757588
"2342",6.493834,10.467798,7.666597
"2343",3.331137,11.544971,7.90936
"2344",1.307686,12.282029,8.444926
"2345",2.525779,12.760339,9.04498
"2346",3.823111,12.931369,9.486102
"2347",3.93886,12.667858,9.300245
"2348",4.078586,11.902295,8.642934
"2349",4.13953,11.569324,8.332674
"2350",4.248225,11.488153,8.313324
"2351",3.318165,11.596778,8.445144
"2352",0,0,0
"2353",0.001714,0,0.274048
"2354",0.000625,0,0
"2355",0.002186,0,0
"2356",0.820117,0,0
"2357",9.89417,4.87118,2.730129
"2358",10.441447,9.994452,5.776211
"2359",13.576305,14.51296,12.753834
"2360",12.167062,13.43011,12.705875
"2361",7.695837,12.424514,11.792021
"2362",10.35146,12.044853,11.228284
"2363",6.936119,12.087094,10.400242
"2364",7.135636,12.641026,9.86024
"2365",5.402931,12.296535,9.750808
"2366",9.955414,12.297977,9.6766
"2367",12.463256,12.094564,9.095366
"2368",14.005877,11.343107,8.478106
"2369",13.514627,11.284175,8.375675
"2370",13.039306,10.553825,7.838967
"2371",12.848359,10.098077,6.858894
"2372",10.350252,9.740634,6.702641
"2373",11.475526,9.491522,5.977343
"2374",7.033011,8.73577,5.218732
"2375",5.815336,9.408537,5.846278
"2376",5.99227,10.356298,6.974622
"2377",5.128041,11.512224,7.685737
"2378",5.204466,12.238293,8.70314
"2379",4.379547,12.38529,9.149599
"2380",4.031516,12.114153,8.825455
"2381",4.070052,11.060442,7.838327
"2382",3.461834,10.810802,7.578616
"2383",0.012114,0,0
"2384",0.09802,0,0
"2385",0.016985,0,0
"2386",5.93079,0,0.010492
"2387",12.969686,0,2.453621
"2388",12.442763,14.091002,12.270988
"2389",12.333784,13.598034,12.808841
"2390",13.176527,13.044065,12.106282
"2391",13.854755,12.280903,11.61341
"2392",7.075154,12.251982,11.153547
"2393",6.629975,12.388065,10.342566
"2394",6.69465,12.449922,9.911267
"2395",6.174532,12.144933,9.506919
"2396",9.384288,11.921865,8.910604
"2397",12.352811,11.47798,8.528261
"2398",14.603855,10.82588,8.126712
"2399",13.947895,10.599314,7.390172
"2400",10.515501,9.045327,5.709842
"2401",8.885958,8.210978,5.121354
"2402",7.237014,7.912296,4.989373
"2403",4.787193,7.997804,5.033887
"2404",3.937007,9.077971,5.797701
"2405",4.257998,9.955296,6.922853
"2406",3.521587,9.939599,6.716328
"2407",3.62754,9.416313,6.070407
"2408",5.275619,9.593808,6.385817
"2409",4.547211,9.368152,5.982313
"2410",0.010886,0,0.701972
"2411",0.418485,0,0
"2412",7.638604,0,0
"2413",12.084613,7.504533,4.320973
"2414",12.663236,13.597272,12.132313
"2415",13.392194,14.03652,12.265091
"2416",12.635339,14.533062,12.936465
"2417",9.581401,15.012915,13.293368
"2418",6.937113,15.424698,13.347264
"2419",10.227401,14.935857,12.948036
"2420",9.299204,12.524717,9.976954
"2421",9.245574,11.348818,8.806695
"2422",7.812497,11.002459,8.42328
"2423",10.798603,10.986929,8.007476
"2424",9.726378,10.081096,6.635159
"2425",7.899463,8.034637,5.053347
"2426",8.469412,4.422083,3.251465
"2427",7.323078,0,2.888311
"2428",5.355103,6.102599,3.938075
"2429",5.051351,8.968586,5.751884
"2430",4.157711,9.800749,6.267127
"2431",2.845178,7.962048,5.203588
"2432",1.229496,0,0
"2433",8.25216,6.20919,2.68984
"2434",10.656028,12.225517,10.045681
"2435",13.633235,10.852646,6.809573
"2436",13.359696,15.958936,13.734076
"2437",12.178753,15.533486,13.897897
"2438",9.680118,15.803058,13.985578
"2439",11.952362,16.007919,13.99181
"2440",10.112152,15.778327,13.420563
"2441",4.965325,13.080489,10.607413
"2442",7.46394,11.589985,8.794163
"2443",6.716031,11.571493,8.159496
"2444",7.387266,9.720059,6.197596
"2445",9.743356,6.198765,5.166913
"2446",8.113268,0,2.393306
"2447",8.704046,0,0.278591
"2448",7.666838,0,1.598511
"2449",6.945925,5.828034,3.632457
"2450",1.845262,0,0.484993
"2451",4.977465,3.72151,2.932791
"2452",3.355638,6.991701,2.290873
"2453",9.962325,12.702837,7.611937
"2454",12.589152,16.440355,14.023039
"2455",10.757234,15.939505,14.063881
"2456",12.177705,15.968781,14.015828
"2457",10.805599,15.907304,13.674397
"2458",5.275457,15.633868,13.316003
"2459",3.623472,14.039661,11.976919
"2460",4.050563,11.106627,7.876074
"2461",6.637393,8.085361,5.641718
"2462",9.096467,0,3.260592
"2463",9.28637,0,0.357066
"2464",8.462384,0,0
"2465",0.92797,4.697668,2.734108
"2466",6.004619,12.763874,7.384175
"2467",12.471423,17.270926,12.711929
"2468",11.282161,16.854387,13.996346
"2469",8.597065,15.777433,13.3776
"2470",5.455801,15.610262,13.263844
"2471",3.448748,14.08575,12.289323
"2472",2.966489,12.142419,8.464817
"2473",3.123282,8.720021,6.418343
"2474",6.813257,0,0.439451
"2475",11.796676,8.688448,2.67078
"2476",11.331322,6.97687,4.994406
"2477",3.78069,11.258932,8.020615
