"","values_baccini","value12","Value_3000"
"1",1.208753,0,0.613122
"2",2.423342,2.157988,2.323004
"3",9.279564,2.571055,2.482992
"4",12.89925,9.997431,7.658316
"5",11.599506,18.151455,12.888613
"6",12.531071,22.099531,13.204413
"7",11.840235,22.052181,13.420178
"8",8.150491,22.204805,13.471797
"9",1.219768,15.598911,7.574152
"10",1.638029,12.323589,6.836509
"11",1.24038,7.347558,4.48473
"12",1.220171,7.71845,5.011175
"13",1.966442,4.459494,3.266227
"14",1.763082,0,3.390723
"15",6.740679,2.677804,2.591907
"16",13.075833,9.010913,7.446411
"17",13.179827,21.007984,12.975594
"18",11.82044,21.957989,13.472331
"19",12.861554,18.530077,13.524672
"20",11.866746,21.968468,13.443261
"21",2.747147,22.021774,13.234563
"22",2.001348,16.185543,8.447501
"23",3.203002,17.597042,9.172542
"24",7.296964,18.970947,9.933742
"25",7.452271,19.15892,9.683388
"26",8.416282,18.409224,9.211692
"27",4.132393,17.503786,9.03235
"28",1.826153,17.511992,8.804691
"29",3.382748,14.103665,7.724854
"30",3.501513,2.76299,2.759338
"31",3.93393,0,0.234907
"32",11.068031,1.965549,2.428178
"33",12.96949,16.247149,12.379566
"34",12.852179,21.864679,13.468348
"35",12.409996,18.52684,13.60658
"36",12.17122,18.33161,13.429863
"37",10.482204,21.069386,13.017436
"38",0.087405,21.645929,12.85804
"39",1.441512,11.876576,8.618937
"40",3.560673,16.099337,9.3807
"41",8.912958,19.147961,9.899787
"42",7.007206,15.331018,9.7458
"43",12.083473,20.420013,10.282806
"44",10.924612,16.57276,10.927123
"45",12.533567,20.857697,11.306976
"46",6.9123,15.330618,10.030699
"47",5.33465,18.589581,9.843362
"48",10.198742,19.713234,10.399295
"49",12.915779,18.722782,9.759459
"50",10.773947,7.219754,4.906307
"51",10.328204,13.54083,8.912975
"52",12.428827,22.707541,13.384742
"53",12.435293,18.540613,13.660143
"54",11.769901,21.671993,13.59991
"55",11.87122,18.298826,13.450722
"56",9.897956,20.739777,13.121086
"57",4.217365,20.517288,12.972644
"58",0.506563,15.085436,11.797374
"59",1.133604,13.00262,9.662374
"60",1.159916,12.470772,9.308513
"61",1.263101,12.409112,9.207741
"62",2.842909,12.934755,9.462133
"63",10.943855,17.895166,10.640886
"64",11.090164,20.855421,11.183174
"65",13.477905,22.631277,10.980192
"66",12.781979,24.65453,11.616999
"67",12.349999,21.492815,12.311531
"68",12.83573,21.279367,12.450953
"69",12.053759,20.409859,11.497955
"70",8.345031,20.038643,10.93133
"71",9.236765,21.041018,11.440833
"72",13.803045,22.258551,11.984442
"73",13.218907,24.810297,13.863494
"74",12.029786,24.711237,14.011953
"75",13.292991,25.370998,14.205313
"76",12.709444,23.187325,13.832884
"77",13.081903,22.178501,13.649578
"78",12.790282,21.818254,13.621357
"79",10.044538,21.04092,13.362921
"80",8.281239,17.753645,13.161397
"81",4.166659,17.227402,12.313991
"82",1.11848,13.646882,9.725415
"83",0.91694,14.034716,10.295633
"84",0.79464,14.103198,10.457463
"85",0.932279,13.962924,10.42401
"86",1.177087,13.228004,9.907053
"87",1.496701,14.925059,9.684942
"88",10.136972,14.270019,10.394281
"89",12.093739,16.562115,11.176039
"90",9.186418,22.272409,11.130271
"91",10.770437,22.113598,11.111653
"92",13.253541,24.316246,11.504945
"93",13.909062,23.239586,13.04689
"94",13.437985,21.454428,12.82287
"95",12.125063,22.106028,13.033638
"96",11.987251,19.096458,13.184078
"97",10.498158,23.291031,13.201529
"98",11.25884,20.182428,12.936977
"99",9.264588,28.547045,13.315915
"100",7.012742,28.341557,13.613937
"101",13.649968,26.250868,14.001624
"102",13.568021,20.504681,14.086283
"103",12.686668,23.631403,14.012041
"104",12.553703,22.529772,13.848697
"105",11.214558,18.720587,13.704185
"106",9.874812,18.105642,13.472401
"107",6.756529,20.442202,12.694427
"108",7.696536,14.376143,11.33301
"109",7.677243,14.24055,9.706295
"110",5.966006,11.836226,5.44514
"111",8.381908,20.106974,12.403378
"112",6.822335,17.632591,12.302972
"113",10.389258,19.827124,11.962517
"114",6.844539,20.03492,11.587263
"115",3.289294,19.292587,10.453881
"116",1.219314,15.027077,10.782691
"117",1.120065,17.47534,11.326814
"118",0.920631,15.505969,11.685967
"119",0.787738,16.960716,11.594652
"120",0.912621,15.350643,11.760517
"121",0.997703,16.632437,11.542137
"122",1.38606,15.840918,10.83908
"123",5.26283,15.597594,10.450829
"124",12.171471,15.848713,11.439558
"125",12.17607,19.317507,11.415817
"126",8.434799,15.897294,10.945181
"127",9.903143,19.173109,10.724401
"128",13.332964,21.880159,11.031229
"129",14.693169,21.519438,11.880222
"130",13.978188,18.49177,12.797794
"131",13.853173,22.021416,13.463337
"132",13.723578,22.42872,13.793009
"133",11.651132,23.575197,13.925398
"134",9.796879,26.949757,13.937608
"135",6.014184,28.175442,13.713277
"136",3.386197,26.484694,12.824063
"137",10.286094,23.684496,10.962422
"138",13.340682,24.937971,13.212425
"139",15.018789,26.017643,14.391924
"140",13.859694,23.546253,14.135774
"141",11.465773,18.531893,13.708729
"142",10.781043,21.264566,13.366543
"143",11.152204,17.353863,12.822876
"144",11.21857,20.160181,12.485835
"145",10.802493,17.588552,12.311996
"146",11.508952,18.168756,12.600045
"147",12.026472,17.930916,12.606262
"148",10.693169,20.815849,12.571154
"149",11.573736,17.665289,11.7692
"150",11.509072,18.022148,12.178324
"151",12.698698,18.366961,12.593351
"152",11.730117,17.819578,12.222895
"153",1.08895,15.898458,11.135799
"154",1.095175,18.326042,10.896816
"155",1.020629,15.651335,11.346278
"156",0.968524,15.987588,12.04351
"157",0.971316,16.013317,12.179741
"158",1.201747,16.145725,12.380642
"159",1.987858,15.771351,12.279634
"160",2.30801,15.211411,11.882972
"161",4.941467,15.013344,11.783197
"162",7.944016,15.261901,11.992445
"163",11.458751,17.54969,13.124011
"164",11.735319,17.814659,12.66451
"165",8.193607,15.197442,10.911133
"166",10.935405,19.156792,10.741254
"167",11.976191,15.979141,10.636183
"168",14.052293,21.170223,11.170004
"169",12.927471,24.613968,14.030088
"170",14.375076,19.558577,14.154511
"171",14.616199,22.806143,14.14414
"172",13.628336,23.93848,14.244781
"173",12.74383,25.21258,14.335163
"174",8.318214,27.072367,14.147351
"175",4.163328,20.432137,12.709682
"176",1.437063,19.174541,9.424198
"177",1.983089,18.479118,9.361049
"178",9.18375,25.67391,14.131931
"179",12.347823,24.416885,14.166728
"180",11.362032,22.438116,13.445423
"181",11.9013,18.233755,13.323318
"182",10.484213,20.816212,13.093035
"183",9.650402,20.587034,12.869714
"184",12.467888,20.724203,12.875559
"185",12.264347,17.997391,12.747426
"186",12.700104,19.490322,12.257268
"187",6.777595,17.876339,12.570659
"188",9.438023,17.990946,12.523786
"189",12.179113,20.410316,12.783845
"190",12.947693,20.087414,12.69435
"191",13.239424,19.962992,12.804247
"192",12.811646,17.909952,12.878042
"193",6.825836,20.308769,13.005571
"194",2.144298,21.81144,13.309318
"195",1.429813,19.969196,12.009307
"196",0.999048,18.96105,11.185572
"197",0.982945,15.707527,11.219765
"198",1.102339,18.364679,12.005856
"199",1.347033,18.404493,12.361027
"200",3.748429,16.432405,12.557318
"201",9.106505,16.284916,12.695069
"202",9.635113,16.056238,12.538891
"203",9.979407,15.652836,12.335527
"204",9.249982,15.383696,12.233068
"205",7.898135,15.301026,12.163398
"206",10.385648,15.606194,12.308256
"207",6.408275,16.701864,12.625612
"208",9.16012,16.688496,12.294464
"209",13.191184,19.23418,12.884752
"210",13.435997,22.167559,11.389547
"211",14.190567,19.192476,12.422944
"212",14.112299,23.852436,14.22572
"213",14.264358,19.879026,14.23418
"214",14.667023,23.885941,14.259478
"215",14.61241,23.900387,14.270617
"216",13.157465,24.664217,14.229054
"217",10.980551,22.512938,12.970885
"218",6.112506,18.322863,10.025894
"219",1.226315,17.418686,9.372131
"220",1.095246,13.412165,6.864097
"221",3.335539,9.904751,4.644525
"222",11.431199,12.220541,6.343799
"223",11.285057,14.732891,7.367332
"224",11.113094,14.839275,9.100668
"225",10.498807,20.532169,12.837734
"226",9.932555,17.899664,12.69789
"227",13.603875,20.963215,13.025176
"228",13.301889,18.097927,12.796346
"229",13.552523,17.555901,12.054996
"230",12.299894,17.567083,12.053072
"231",12.317724,18.249863,12.672382
"232",12.588167,18.126741,12.747222
"233",13.985073,17.930098,12.719807
"234",14.450907,17.923056,12.866968
"235",13.579915,18.301466,13.148267
"236",12.35243,21.480583,13.439122
"237",6.824744,20.406691,12.938001
"238",4.710498,29.695992,9.540801
"239",3.78505,23.189198,14.064431
"240",1.954818,18.031816,13.138947
"241",1.213927,19.291555,12.085093
"242",1.019809,15.941967,11.452072
"243",1.353503,18.34536,11.432234
"244",3.540987,16.068205,12.108955
"245",8.875884,18.401667,12.502136
"246",11.569963,16.309969,12.598763
"247",10.647754,16.317219,12.692154
"248",10.261319,16.11956,12.601563
"249",10.004966,15.818346,12.459884
"250",8.92642,15.680225,12.485306
"251",5.2945,15.401067,12.318599
"252",5.192326,15.363045,12.278937
"253",7.363406,16.231077,12.655482
"254",12.151808,18.056635,13.48042
"255",12.941592,19.517876,14.029911
"256",12.445946,19.720112,14.029698
"257",13.026694,23.416759,14.069039
"258",14.148405,24.515453,14.223665
"259",14.428195,19.219376,14.083273
"260",13.540572,19.383989,14.146229
"261",13.301316,23.546196,14.166521
"262",13.141505,18.137653,11.974906
"263",8.607675,17.119858,9.154189
"264",1.167713,13.718395,8.353633
"265",1.026573,15.974788,8.114416
"266",1.121101,15.480478,7.669006
"267",1.014597,14.084462,6.687422
"268",4.982349,14.432979,6.996866
"269",10.690078,15.062002,7.620927
"270",11.237742,14.060551,8.359993
"271",10.405643,17.464151,12.276507
"272",13.631763,17.577742,12.269724
"273",13.785545,20.740562,12.769003
"274",14.108433,21.846607,13.242428
"275",13.934172,19.773775,11.802612
"276",13.944138,19.079493,10.80159
"277",13.302901,17.279833,11.231727
"278",13.505297,19.407881,11.533123
"279",14.14261,17.637903,11.843531
"280",14.480425,17.850861,12.410806
"281",14.190693,17.787863,12.634669
"282",13.69995,18.112545,12.867002
"283",10.658453,17.891287,12.314939
"284",3.292954,17.917715,12.151528
"285",6.078328,7.633458,7.942354
"286",9.451421,19.81776,13.769343
"287",3.570509,21.090046,13.334865
"288",2.233096,17.657064,13.016821
"289",1.496438,19.8069,12.94587
"290",1.794034,17.041389,12.608508
"291",6.646027,15.74057,11.768372
"292",11.010264,16.211863,12.280629
"293",11.435357,16.776649,12.853134
"294",10.792534,16.565563,12.796607
"295",11.955441,16.419628,12.763151
"296",12.106762,16.253511,12.683261
"297",11.063464,16.060333,12.620484
"298",9.347086,15.812014,12.630784
"299",8.057426,15.708013,12.607755
"300",9.270332,15.443562,12.406945
"301",9.442041,16.026789,12.634524
"302",11.779634,16.889629,13.043653
"303",10.451303,18.179192,13.613095
"304",11.843203,18.153625,13.496394
"305",12.405293,21.977617,13.766509
"306",13.432146,24.335251,14.125947
"307",14.904908,23.423244,14.199753
"308",14.297433,19.303955,14.077987
"309",13.853871,18.506819,13.358162
"310",13.077792,14.220114,9.124207
"311",11.077045,13.940154,8.899232
"312",1.793856,13.449911,8.440162
"313",0.983636,15.07669,7.814137
"314",0.884356,15.27868,7.777791
"315",3.673218,15.575174,7.775041
"316",12.074906,15.778653,7.84123
"317",13.00317,15.412624,7.836454
"318",13.003576,15.097065,9.233789
"319",12.957523,16.340712,11.679826
"320",13.543056,15.672098,10.694188
"321",13.751014,16.381905,9.628365
"322",14.296082,17.261745,10.400191
"323",14.195923,16.472292,10.65214
"324",14.183029,16.685843,10.761567
"325",14.321884,17.127277,10.994119
"326",13.928286,19.155157,11.134174
"327",13.828144,17.318495,11.316872
"328",13.989084,17.604,11.850466
"329",14.8218,17.283762,11.690784
"330",13.95708,17.054878,11.584368
"331",13.654256,19.474813,11.771185
"332",7.894918,19.976782,11.759187
"333",3.94449,13.324327,8.860773
"334",9.330746,22.624943,12.818964
"335",12.648557,18.526567,13.137323
"336",10.528882,19.213316,13.562304
"337",8.472131,17.407681,12.95945
"338",4.213586,17.178102,12.936014
"339",3.841321,17.162548,12.9509
"340",9.247152,17.108088,12.901125
"341",10.28653,17.09675,13.103512
"342",10.750109,18.698956,13.080655
"343",11.160185,18.509769,13.036981
"344",11.168481,16.552643,12.948566
"345",10.9076,16.375023,12.778963
"346",11.069751,16.288301,12.841478
"347",11.487663,16.222281,12.943429
"348",10.77755,15.92736,12.886643
"349",10.541891,15.66651,12.616088
"350",10.330422,16.067015,12.75934
"351",10.536255,16.622709,13.098776
"352",10.928014,17.853548,13.513883
"353",11.125697,18.434708,13.618487
"354",12.269125,21.101156,13.371034
"355",12.515549,23.750141,14.014526
"356",14.660906,24.147303,14.061506
"357",14.421876,19.772482,14.070837
"358",13.989536,17.051565,11.025694
"359",13.847138,16.919725,9.658717
"360",11.974194,14.473948,9.579392
"361",4.675864,16.270372,9.343126
"362",2.048733,15.193754,8.15762
"363",3.128558,15.287567,7.968713
"364",0.88045,15.378266,7.860783
"365",4.564363,12.560243,7.815897
"366",13.405817,15.607114,8.173078
"367",12.872469,15.036604,9.09341
"368",13.023311,15.855642,11.311457
"369",13.089329,15.180209,9.418526
"370",13.446548,14.57476,8.347734
"371",13.622039,15.442752,8.376762
"372",14.718883,15.955867,9.063665
"373",14.270274,18.796736,10.298298
"374",14.751153,17.867208,11.228447
"375",14.469702,19.0252,11.09772
"376",14.252369,16.915154,11.072853
"377",14.309813,17.398937,11.423175
"378",14.828083,16.867304,11.354775
"379",15.028236,16.68037,11.338569
"380",14.18523,16.697266,11.484606
"381",11.968682,16.432821,11.528934
"382",1.161483,15.861281,11.29058
"383",5.763002,27.858875,9.078923
"384",4.271179,6.049902,12.390535
"385",8.897073,23.951473,13.405499
"386",7.238658,18.306479,13.438152
"387",9.898098,17.381178,12.883576
"388",8.481042,18.212385,13.246349
"389",11.062826,19.474987,12.985696
"390",7.396702,17.648567,13.190236
"391",10.281235,19.355991,13.138095
"392",11.248332,17.315977,13.251224
"393",11.447225,19.032722,13.285248
"394",11.789125,17.059488,13.215125
"395",11.611218,17.002243,13.285825
"396",11.915484,16.789473,13.209248
"397",12.253104,16.548,13.087247
"398",11.539552,16.462036,13.062417
"399",11.64371,16.312975,13.02612
"400",12.029424,16.278625,13.008432
"401",10.518605,16.11552,12.89152
"402",10.383866,16.272583,12.901198
"403",10.388105,16.78504,13.102878
"404",11.022644,19.054556,13.98106
"405",12.4926,18.317207,13.486728
"406",13.105084,21.099861,13.420711
"407",13.789423,18.995272,13.71123
"408",14.074303,23.207363,13.911819
"409",13.960412,19.362869,13.52293
"410",14.164387,16.669046,10.729493
"411",13.193223,15.092847,9.916878
"412",12.062784,14.264762,9.50124
"413",8.00185,14.159885,9.242105
"414",7.648173,15.448162,8.487635
"415",8.065072,15.925615,8.475874
"416",2.842958,15.890534,8.404535
"417",10.233228,13.629184,8.600567
"418",13.576884,13.558828,8.705947
"419",13.342113,16.356239,9.053962
"420",12.381731,15.366851,10.369383
"421",12.37228,14.906742,8.666142
"422",13.599825,14.532997,8.177097
"423",12.083774,14.94463,8.090506
"424",9.397446,14.698473,7.733056
"425",14.564533,15.242347,8.475714
"426",14.833612,16.490051,10.277757
"427",15.456475,18.537975,10.593947
"428",15.310776,16.696379,10.891501
"429",15.070516,16.900349,11.117752
"430",14.808421,16.495752,11.15343
"431",15.074495,16.701893,11.39406
"432",14.776918,16.291965,11.413509
"433",13.098604,15.77667,11.272081
"434",2.426238,15.278152,11.025079
"435",0.319087,14.9547,10.803755
"436",4.659173,26.438684,10.258307
"437",7.49607,26.287247,12.265042
"438",8.509034,24.038162,13.782053
"439",6.108297,20.674648,13.786971
"440",5.20959,19.379797,13.308988
"441",6.727212,18.940151,12.962978
"442",8.62372,17.081112,12.767064
"443",11.82649,17.564335,13.038876
"444",10.863018,19.568487,13.197449
"445",10.827841,17.56168,13.312927
"446",11.315683,19.746971,13.59793
"447",11.673794,17.533545,13.44158
"448",11.678778,17.234491,13.298808
"449",12.188796,17.043152,13.310027
"450",12.158565,17.158941,13.397938
"451",10.850399,16.638603,13.14383
"452",10.870129,16.51775,13.107291
"453",11.888418,16.50967,13.116966
"454",11.804754,16.553467,13.144568
"455",11.07618,16.373253,13.019262
"456",10.014837,18.219379,13.050991
"457",10.893294,17.028151,13.34065
"458",12.402423,20.922798,13.859886
"459",13.11859,21.611168,13.763264
"460",13.873639,22.426119,13.875084
"461",13.622339,22.292423,13.782374
"462",12.458515,20.726238,13.081621
"463",12.119431,17.198633,12.06072
"464",12.193483,16.424252,10.719171
"465",12.009409,14.807407,9.844687
"466",10.712558,14.273393,9.404984
"467",6.5704,15.507906,8.775235
"468",9.115083,16.057087,9.034045
"469",10.459956,16.778681,9.436196
"470",12.249597,14.365983,9.231791
"471",12.877659,16.525917,8.932336
"472",13.360544,16.484137,8.978
"473",13.812312,14.415442,9.134683
"474",12.304127,15.298399,9.078204
"475",12.605706,14.95295,8.569422
"476",12.508768,14.791653,8.340486
"477",10.602544,15.077683,8.441391
"478",2.369552,15.105861,8.365458
"479",13.741669,15.653851,9.308753
"480",14.703374,15.580564,9.909733
"481",15.144792,15.42487,10.02066
"482",14.92254,17.651876,10.037743
"483",15.203053,16.063675,10.375996
"484",14.958244,16.616138,11.125911
"485",14.783116,15.750782,11.041268
"486",14.219063,15.39626,11.003105
"487",13.597816,15.014391,10.857451
"488",4.075618,14.340426,10.536889
"489",3.578222,14.642692,10.572446
"490",8.135703,24.601728,12.678934
"491",9.932514,19.631805,14.222385
"492",3.421944,20.732782,13.825125
"493",4.313317,17.694885,13.489453
"494",8.060814,17.188923,13.209926
"495",9.32023,16.909922,12.996284
"496",11.550948,17.007551,12.853727
"497",11.689447,17.501217,13.116509
"498",10.400292,17.728071,13.283882
"499",10.041363,19.201191,13.33259
"500",10.347328,19.304359,13.42892
"501",10.885711,17.643358,13.506918
"502",11.234804,17.252251,13.318167
"503",12.069387,18.813793,13.332042
"504",11.788986,16.880108,13.238102
"505",10.544522,16.792152,13.190836
"506",9.001024,16.64357,13.154379
"507",9.197104,16.622149,13.162334
"508",11.138974,16.607235,13.133753
"509",11.469268,16.611217,13.106412
"510",10.894364,16.857111,13.183483
"511",11.149714,18.30471,13.820225
"512",13.613595,22.21332,14.067201
"513",13.785603,24.651377,13.545207
"514",12.341381,22.518209,13.861438
"515",11.599134,20.91938,13.340631
"516",12.249372,17.780741,12.549252
"517",11.558366,15.511344,10.423945
"518",11.217517,15.155758,10.07442
"519",9.520668,15.568422,10.415245
"520",6.035709,14.343429,9.663573
"521",4.66857,13.568265,9.092457
"522",6.300228,14.308758,9.614555
"523",8.717427,17.322922,10.134806
"524",11.516294,15.825313,10.316515
"525",12.09868,16.137266,10.256989
"526",12.908493,14.655569,9.311999
"527",13.065847,14.590774,9.268773
"528",12.599222,15.249187,9.004324
"529",11.699483,14.953775,8.777295
"530",12.184042,14.604231,8.379157
"531",11.600918,14.801531,8.371754
"532",9.860733,15.287866,8.948227
"533",14.011999,15.747845,9.794247
"534",14.130785,15.731909,10.11203
"535",14.998626,17.912855,10.149309
"536",14.19816,17.460178,10.035847
"537",13.571747,17.629402,10.321609
"538",14.911943,16.052948,10.891852
"539",14.944691,14.91754,10.451516
"540",14.394079,16.491203,10.247728
"541",10.428441,16.05084,10.200983
"542",2.748194,13.674006,10.033162
"543",3.524766,13.545822,9.901563
"544",6.53039,23.10746,11.284131
"545",11.081254,20.579391,13.919267
"546",12.120257,20.517149,13.818553
"547",9.585259,17.841278,13.593079
"548",9.99026,17.278214,13.323117
"549",11.224733,16.863596,13.09812
"550",11.043265,16.644526,12.986639
"551",11.237679,16.924122,13.112227
"552",12.135326,17.101889,13.189987
"553",9.640846,17.551809,13.426713
"554",10.751495,17.356998,13.370893
"555",11.246687,19.235146,13.418049
"556",11.232859,19.087872,13.366978
"557",12.184305,17.27833,13.373185
"558",12.1711,17.160233,13.335859
"559",12.209238,18.825712,13.33567
"560",10.467825,16.99234,13.277935
"561",9.148182,18.566195,13.31226
"562",9.869581,16.883511,13.455502
"563",10.496842,16.891502,13.250674
"564",10.177273,16.913357,13.300883
"565",11.024906,18.821438,13.253224
"566",11.586493,17.956753,13.641121
"567",13.256156,22.281919,13.95803
"568",12.449707,21.944061,13.96106
"569",10.752268,20.775219,13.626712
"570",9.894098,20.057541,13.088696
"571",10.419789,16.47122,11.870251
"572",7.20755,15.570464,10.764429
"573",8.770811,15.385539,10.608587
"574",7.668612,16.396095,11.861863
"575",6.226929,19.616707,12.572584
"576",6.070506,16.17481,11.631876
"577",8.319049,14.943908,10.186317
"578",9.693521,15.183878,10.294282
"579",10.532858,15.622313,10.559449
"580",11.567744,15.959934,10.763389
"581",11.705122,17.365856,10.192889
"582",11.452953,19.323889,12.368952
"583",11.317209,17.788046,12.762543
"584",11.778522,16.788694,11.5234
"585",12.109324,15.725165,9.532187
"586",12.832497,15.055427,8.916599
"587",11.946945,15.57332,9.455282
"588",13.725306,15.78671,9.997968
"589",14.255951,15.906744,10.253119
"590",13.953519,16.110498,10.38885
"591",14.443218,16.364645,10.629577
"592",13.980075,16.311531,10.870108
"593",15.654724,16.145256,11.018509
"594",15.361801,15.143563,10.517534
"595",13.127485,15.818639,9.748034
"596",6.005836,13.73118,9.860894
"597",4.752696,15.161503,9.550487
"598",3.109833,15.284709,9.545098
"599",5.528921,0,2.78188
"600",11.777512,18.248558,13.670107
"601",10.377208,20.231392,13.726837
"602",11.980654,17.718962,13.542414
"603",11.27927,17.385777,13.348355
"604",12.05628,16.947598,13.144707
"605",11.345425,16.573997,12.980562
"606",11.544884,16.460272,12.963574
"607",11.050671,16.803223,13.144111
"608",11.168661,17.025103,13.221036
"609",9.918911,17.154226,13.346342
"610",10.732422,17.245773,13.330467
"611",11.163061,17.480299,13.466106
"612",11.185496,19.165325,13.408221
"613",12.499937,17.323137,13.399632
"614",12.07667,17.320946,13.397778
"615",12.08889,17.277956,13.399115
"616",10.693034,17.20693,13.377914
"617",8.699134,18.837715,13.386251
"618",8.361905,18.86286,13.402102
"619",10.47391,17.143473,13.346398
"620",10.196927,17.171715,13.284534
"621",11.686183,19.151871,13.3053
"622",11.78053,17.320339,13.148157
"623",11.840141,17.476274,13.114075
"624",11.534504,17.422163,13.213789
"625",10.886096,17.441263,13.222084
"626",9.429668,19.600214,13.012325
"627",8.409041,17.521511,12.467871
"628",5.232669,16.673527,12.083529
"629",4.667523,17.395931,12.330667
"630",4.859992,19.592747,12.717699
"631",7.055757,17.038637,12.83079
"632",7.958818,19.879951,12.8127
"633",8.922787,18.197964,11.909785
"634",11.510296,15.293847,10.647517
"635",11.968566,17.679508,10.866668
"636",11.534689,18.052618,11.454209
"637",10.870609,17.542332,12.870365
"638",10.690234,17.509821,13.084199
"639",11.255813,20.542311,12.957526
"640",11.358853,17.673336,12.740769
"641",10.965995,19.529512,12.53241
"642",11.890948,17.149055,12.089579
"643",12.730344,16.411392,10.332289
"644",12.87638,15.885221,10.215465
"645",13.93331,16.318823,10.440677
"646",15.305636,16.768723,10.751862
"647",14.427267,16.966835,11.066341
"648",13.592315,16.50215,11.078636
"649",13.82412,17.840347,11.004776
"650",14.823849,15.410816,10.703794
"651",12.241982,16.224096,10.034593
"652",4.118952,13.876806,9.934493
"653",2.693961,15.500893,9.636873
"654",4.051699,14.010367,10.224818
"655",1.96662,14.909718,10.751215
"656",7.569808,15.287568,11.69151
"657",12.485673,18.843327,13.965295
"658",10.597983,17.618158,13.522601
"659",12.098529,17.253466,13.34967
"660",12.410438,16.953142,13.157227
"661",11.665037,16.452454,12.917742
"662",10.325027,16.014366,12.722851
"663",11.346819,16.088903,12.812469
"664",11.201387,16.428907,12.981874
"665",11.779957,16.760263,13.100487
"666",10.939575,17.068451,13.24167
"667",10.666674,17.112335,13.265295
"668",12.036962,16.981272,13.233456
"669",12.000751,17.044672,13.28457
"670",12.114266,19.106657,13.407464
"671",11.913259,17.344166,13.414481
"672",12.354739,17.331448,13.41176
"673",11.75454,17.377655,13.453794
"674",10.614233,17.420216,13.581465
"675",10.020142,17.474319,13.519114
"676",10.081957,17.310453,13.402349
"677",9.766933,17.334057,13.376098
"678",10.384008,17.276674,13.274137
"679",9.610399,17.223576,13.030533
"680",9.487107,17.149071,12.986294
"681",9.246614,17.022932,13.010839
"682",9.254633,19.111038,12.969632
"683",7.565507,19.151487,12.831419
"684",6.982324,17.21456,12.448961
"685",8.311174,17.120434,12.355139
"686",8.846982,16.753851,12.629304
"687",9.378346,19.250532,12.679062
"688",8.857366,19.248035,12.617337
"689",9.125599,19.45285,12.693292
"690",10.117212,17.417763,12.88758
"691",11.537715,19.361675,12.40549
"692",12.167809,17.388229,12.596757
"693",11.431608,17.519793,12.912702
"694",11.264071,17.216286,12.789222
"695",10.814624,17.253479,12.738976
"696",11.533694,20.210314,12.793136
"697",11.192183,17.510029,12.719855
"698",10.479425,17.509708,12.630256
"699",11.531074,17.557894,12.560287
"700",12.586901,16.984537,11.301159
"701",12.393458,16.541195,10.203232
"702",13.955633,16.948576,10.740458
"703",14.441116,18.601818,10.977175
"704",12.986189,16.737221,11.134089
"705",13.876718,16.346014,11.075668
"706",12.849769,15.710444,10.858345
"707",12.274352,15.408297,10.646588
"708",8.796898,14.752081,10.41712
"709",4.603699,14.431553,10.35245
"710",5.573802,16.793022,10.60513
"711",7.990919,15.255223,10.994236
"712",3.407324,17.306873,10.719332
"713",1.337533,14.873219,10.481764
"714",0.950337,17.342157,10.248082
"715",0.199278,17.292809,10.186817
"716",2.648808,13.482377,6.411235
"717",10.541625,26.124348,13.849194
"718",12.549045,21.370634,14.010208
"719",13.311882,17.614607,13.518972
"720",12.741315,17.093624,13.272659
"721",11.606619,16.665922,13.032919
"722",11.718796,16.043644,12.728562
"723",12.154421,15.870573,12.688746
"724",12.081144,15.951595,12.760613
"725",12.253514,16.216164,12.855643
"726",10.954138,18.203306,13.046227
"727",11.337511,16.825361,13.196445
"728",10.374425,16.915598,13.159857
"729",11.20894,17.018593,13.406141
"730",12.005003,17.125227,13.368521
"731",11.76195,17.383888,13.488913
"732",11.090506,17.437136,13.586647
"733",11.653383,17.419127,13.576694
"734",11.106339,17.493986,13.526732
"735",10.73459,19.464024,13.549469
"736",10.402452,19.51523,13.646437
"737",9.118023,17.455542,13.552355
"738",9.966923,19.464481,13.409819
"739",11.150764,19.361147,13.295558
"740",11.11586,17.262058,13.056625
"741",9.714852,17.109446,12.987234
"742",9.702755,18.985895,12.982868
"743",10.04853,16.863657,13.035496
"744",10.217637,16.786951,12.777211
"745",9.397275,16.675486,12.496234
"746",7.067127,18.937378,12.567207
"747",6.713918,19.015549,12.751724
"748",9.120846,16.63743,12.586758
"749",8.652899,16.604244,12.4655
"750",9.746335,16.836653,12.604034
"751",10.40499,19.768885,12.893265
"752",10.29744,17.367229,12.914115
"753",10.125537,19.661747,12.632164
"754",10.462185,18.997099,12.155763
"755",10.661997,16.381233,11.90841
"756",10.385141,16.853853,12.267635
"757",10.824898,17.129766,12.4829
"758",10.820771,17.233229,12.571752
"759",10.646099,17.219767,12.404897
"760",10.931185,18.313021,11.89532
"761",12.444044,16.240061,10.430683
"762",12.918817,16.153114,9.903214
"763",12.920561,16.521479,10.302008
"764",14.560361,16.52821,10.727606
"765",14.045716,16.344269,10.815245
"766",12.207707,15.558235,10.392269
"767",9.970731,16.820841,10.283437
"768",10.342205,15.566764,10.899141
"769",8.017285,15.353101,10.939252
"770",7.782877,15.294621,10.858028
"771",6.680552,16.914803,12.512278
"772",10.788495,16.856804,12.39401
"773",12.104242,17.800381,11.180792
"774",2.366118,14.513972,10.303133
"775",2.032281,16.883436,10.126046
"776",2.032519,15.032828,10.6236
"777",5.298134,14.753004,10.480173
"778",4.345928,14.517963,10.290834
"779",1.287818,13.762225,9.864621
"780",5.476469,30.841158,10.784393
"781",13.122571,24.018827,14.454129
"782",13.910915,21.494595,14.056479
"783",13.260937,19.781216,13.610107
"784",13.297185,18.509211,13.189228
"785",12.647397,16.47139,12.953227
"786",12.205701,16.135252,12.819005
"787",11.561932,15.965874,12.754526
"788",12.602268,16.156431,12.871635
"789",12.071871,16.318474,12.917667
"790",11.588376,16.602352,13.009295
"791",11.691771,16.887024,13.128086
"792",11.506756,17.025375,13.202315
"793",10.877014,17.123848,13.3159
"794",10.941634,19.080025,13.400583
"795",10.721112,19.150625,13.534479
"796",10.648932,17.345991,13.454125
"797",10.454593,19.433723,13.534897
"798",10.865652,17.553633,13.541531
"799",11.231011,17.617292,13.561724
"800",10.712371,17.666351,13.584451
"801",11.507648,17.521326,13.462164
"802",11.020659,17.50441,13.419218
"803",11.404373,17.429577,13.35404
"804",11.532749,17.317511,13.266315
"805",10.616339,19.143751,13.114859
"806",11.188641,16.931866,13.030784
"807",10.963866,18.998756,13.087119
"808",11.15054,16.763605,12.827599
"809",10.81964,16.664165,12.596665
"810",9.942095,16.663429,12.718957
"811",8.504451,16.624945,12.81687
"812",5.471499,18.94499,12.636812
"813",6.684976,18.919506,12.443175
"814",10.613376,19.18211,12.586471
"815",10.542291,19.645912,12.778465
"816",8.378387,17.093145,12.513884
"817",8.362281,16.395201,11.831268
"818",10.551514,15.78445,11.358326
"819",10.473154,15.544058,11.105328
"820",10.734317,15.790238,11.346502
"821",10.476725,16.544321,12.011948
"822",10.229377,16.721529,12.090714
"823",8.701951,16.578495,11.933343
"824",8.629678,17.307001,10.675377
"825",9.559363,15.319029,10.064934
"826",10.906849,15.613268,9.819272
"827",11.351502,15.989126,9.855238
"828",11.392731,14.730333,9.429612
"829",8.975115,16.142529,9.453622
"830",10.649767,13.955576,9.227077
"831",9.527163,14.02536,9.476699
"832",6.090128,14.976132,10.593168
"833",7.299103,15.407185,11.221591
"834",9.673684,15.59612,11.297287
"835",10.455752,16.447733,12.067048
"836",12.487694,20.194448,12.839447
"837",12.030321,16.298466,11.762336
"838",3.901269,15.09966,10.691365
"839",2.027053,15.385826,10.703881
"840",5.716708,16.67761,11.970352
"841",4.792893,15.781947,10.823796
"842",4.676737,15.154947,10.488428
"843",5.735596,17.387392,9.99375
"844",5.912246,17.298391,9.653843
"845",3.852638,17.830791,9.801475
"846",7.181284,31.100697,10.622894
"847",13.958314,23.879436,14.418434
"848",14.179649,18.745567,14.029199
"849",13.520347,17.709827,13.614681
"850",12.940815,16.945978,13.241923
"851",12.611703,16.588266,13.059361
"852",12.310672,16.396461,12.959326
"853",11.242467,16.212938,12.911861
"854",12.403435,16.397093,12.999053
"855",12.30654,16.572279,13.030362
"856",11.503474,16.802504,13.070531
"857",11.688828,18.941296,13.279723
"858",11.034836,17.15955,13.266002
"859",11.069725,17.233885,13.328321
"860",11.131902,17.317776,13.514959
"861",11.683172,17.38092,13.459875
"862",11.262884,17.441404,13.479883
"863",12.170068,17.601419,13.556634
"864",10.608402,19.627089,13.557978
"865",9.953307,19.715136,13.589105
"866",9.921088,17.714796,13.59904
"867",10.088111,17.517157,13.430461
"868",10.418774,19.645844,13.39645
"869",10.28654,19.555979,13.360184
"870",9.429689,17.358883,13.297056
"871",8.689069,17.121552,13.164524
"872",10.402737,16.948267,13.081934
"873",11.088707,16.875616,13.100264
"874",11.423402,19.011549,13.049157
"875",11.189309,18.987164,12.884885
"876",10.724605,16.667036,12.803797
"877",9.972318,16.612988,12.864313
"878",9.695701,18.924288,12.734374
"879",8.790623,18.968054,12.642223
"880",7.971799,19.283134,12.79028
"881",10.343572,19.661945,12.840737
"882",10.209824,17.050325,12.422858
"883",6.923175,16.251677,11.693635
"884",9.640923,15.725054,11.123215
"885",10.463744,15.254252,10.417378
"886",10.143625,16.296911,9.584029
"887",10.369025,16.385416,9.740313
"888",9.698391,16.644238,10.114003
"889",9.340217,14.599817,9.957414
"890",6.011104,16.452848,9.865828
"891",4.374728,14.552901,9.763771
"892",7.215169,14.45687,9.426649
"893",5.114307,14.683334,9.462504
"894",4.412921,15.313504,8.90352
"895",3.396702,13.096677,8.843821
"896",5.015228,13.314192,9.06352
"897",4.272508,13.447063,9.349113
"898",4.760406,14.205578,10.105564
"899",10.611519,14.331105,10.26325
"900",8.491881,16.254353,10.319382
"901",8.437382,15.371306,11.002472
"902",7.612726,15.905191,11.412002
"903",7.051397,15.206648,10.703619
"904",4.074049,15.481009,10.946731
"905",7.57209,16.612471,12.039997
"906",9.734073,16.578388,11.886203
"907",7.018038,15.82233,10.764763
"908",4.737693,15.450086,10.713825
"909",6.137703,17.18524,10.063567
"910",6.14567,17.215405,9.829941
"911",7.665286,13.896006,9.802727
"912",6.973183,17.098413,9.298661
"913",1.262564,0,0
"914",8.40449,30.908646,9.736506
"915",13.600699,19.94417,14.28815
"916",13.44411,18.746206,13.983746
"917",14.006458,17.632973,13.563763
"918",12.734358,18.501902,13.283863
"919",12.438253,16.563967,13.060038
"920",12.449282,16.465929,13.001404
"921",11.882746,16.55998,13.090404
"922",10.471011,16.72056,13.16292
"923",11.151756,16.887833,13.194078
"924",11.140697,17.048119,13.220667
"925",11.341352,19.156017,13.304902
"926",11.140794,17.392128,13.392064
"927",10.651046,19.349108,13.498009
"928",10.419161,19.439344,13.446432
"929",10.44527,19.516146,13.479751
"930",11.478791,19.653719,13.551553
"931",11.759271,17.593977,13.632312
"932",11.507484,17.629181,13.580006
"933",10.793963,17.636938,13.590151
"934",10.964767,17.622448,13.542045
"935",11.136764,19.714235,13.456524
"936",11.140581,17.472296,13.457462
"937",9.859282,17.444738,13.333854
"938",8.384025,17.388319,13.278837
"939",8.922923,17.16798,13.316743
"940",7.114458,17.003246,13.217921
"941",10.552061,19.126402,13.344131
"942",10.984918,16.76479,13.165121
"943",11.116234,16.713703,13.186653
"944",11.131211,16.66839,12.859633
"945",11.027931,16.636127,13.034737
"946",10.623685,18.961615,12.923635
"947",10.083646,16.599163,12.946116
"948",8.116059,16.705511,12.703639
"949",9.372262,19.502489,12.592418
"950",11.418349,17.079441,12.556859
"951",11.264824,16.2747,11.732019
"952",10.200902,15.863884,11.127381
"953",9.328176,15.464179,10.489282
"954",8.632433,13.892374,9.43648
"955",9.441445,15.691302,9.188482
"956",8.395933,13.742711,9.497647
"957",4.351784,13.792033,9.618876
"958",4.383129,13.943229,9.658297
"959",5.579202,13.988863,9.494912
"960",2.686488,13.903548,9.344387
"961",1.51773,15.840809,9.394363
"962",2.501185,13.630897,9.238124
"963",6.604298,13.222911,9.006269
"964",10.049747,13.203913,9.114516
"965",11.161421,14.031174,9.87949
"966",7.68239,15.968321,10.258936
"967",11.141702,15.930129,10.290028
"968",10.592932,14.286719,10.367666
"969",9.734407,14.689359,10.526618
"970",11.881673,14.97332,10.617174
"971",7.232284,16.486826,10.217258
"972",7.014771,16.281094,9.997179
"973",10.719902,16.30381,9.92601
"974",9.665371,15.150862,10.20157
"975",7.39672,15.125797,10.214338
"976",6.324789,14.982232,10.225392
"977",10.031585,17.197004,10.211377
"978",6.671101,17.316059,10.139269
"979",3.489122,14.289594,10.011166
"980",4.454121,16.633917,9.231342
"981",5.769081,16.429945,8.871647
"982",2.141558,0,0.506941
"983",9.692418,6.42491,12.087304
"984",12.532099,19.442684,14.033919
"985",12.26681,20.869165,13.887365
"986",12.735857,17.504053,13.472403
"987",13.05609,16.907475,13.235855
"988",12.846055,16.679255,13.114736
"989",12.444345,16.582153,13.045724
"990",12.862008,16.751202,13.162619
"991",12.017572,16.889465,13.328767
"992",10.999182,18.712427,13.290096
"993",11.127712,17.215046,13.357901
"994",12.02586,17.378651,13.426879
"995",11.214512,19.492353,13.472541
"996",11.345581,17.46476,13.463398
"997",11.503716,17.558279,13.508188
"998",11.667926,17.591406,13.509138
"999",10.593012,17.72397,13.542173
"1000",10.175059,19.766979,13.523013
"1001",10.80816,19.816444,13.589735
"1002",10.310944,19.812155,13.596415
"1003",10.799479,19.788378,13.611751
"1004",9.811543,17.626392,13.429502
"1005",8.355657,17.493702,13.353601
"1006",8.65539,19.664352,13.311235
"1007",9.500444,17.38286,13.260159
"1008",8.646255,17.134802,13.306064
"1009",7.029727,16.984503,13.261338
"1010",7.39698,16.847853,13.172516
"1011",10.87638,16.73155,12.947124
"1012",11.128716,16.734087,12.967045
"1013",10.904409,16.725235,12.856922
"1014",10.317492,16.668861,12.912277
"1015",11.017323,19.001526,12.829855
"1016",9.847508,16.597271,12.710253
"1017",9.310131,19.15774,12.564768
"1018",5.31949,19.444693,12.50656
"1019",9.634929,16.917171,12.422997
"1020",10.718678,16.518183,12.003276
"1021",10.614705,16.065266,11.49669
"1022",10.587199,15.653307,10.830158
"1023",6.78068,16.537563,9.833825
"1024",4.343474,13.853522,9.380883
"1025",4.118134,16.192019,9.682284
"1026",4.874773,14.365152,9.983664
"1027",11.531234,14.381828,9.963134
"1028",10.460606,13.984619,9.524456
"1029",6.133679,13.896663,9.317265
"1030",7.034001,16.023727,9.477777
"1031",9.394885,13.469006,9.178661
"1032",12.170017,13.299444,9.065149
"1033",12.636623,13.672495,9.432678
"1034",11.520143,13.592735,9.707233
"1035",7.977818,13.32567,9.620389
"1036",9.294319,15.320334,9.839243
"1037",11.921516,15.787577,10.217384
"1038",11.102947,13.985918,10.03773
"1039",11.782117,15.81992,9.950222
"1040",9.133891,13.821938,9.716008
"1041",10.356061,15.431199,9.349097
"1042",10.289222,14.035349,9.623219
"1043",9.726569,14.190474,9.590241
"1044",8.025479,13.677078,9.19228
"1045",7.162313,13.112714,8.768674
"1046",10.322432,13.23813,8.9793
"1047",11.883055,16.918623,9.885872
"1048",3.292134,14.21373,9.859933
"1049",6.495492,16.777161,9.603408
"1050",3.22719,16.511799,9.312454
"1051",5.619999,0,0
"1052",10.96653,24.203484,13.682278
"1053",12.378563,21.739609,13.893202
"1054",12.488761,18.048903,13.580428
"1055",12.495458,17.221045,13.243587
"1056",11.598933,16.739857,13.055244
"1057",12.050691,16.577158,12.974107
"1058",12.014576,16.727961,13.206252
"1059",11.755417,16.787304,13.174642
"1060",11.992883,18.579975,13.223948
"1061",11.953169,18.81637,13.28088
"1062",10.818828,17.228699,13.369508
"1063",9.181037,17.390589,13.437611
"1064",10.29661,17.471628,13.467689
"1065",10.308207,19.59409,13.455436
"1066",12.165811,17.546106,13.471184
"1067",11.569935,19.823896,13.531802
"1068",11.366529,19.948627,13.554681
"1069",11.734653,17.735256,13.425219
"1070",10.024368,17.741997,13.499505
"1071",8.930033,17.719749,13.537451
"1072",7.873167,17.666252,13.476068
"1073",9.557323,19.865622,13.41323
"1074",10.512775,17.478203,13.339584
"1075",11.377745,17.441738,13.430384
"1076",10.995504,19.653803,13.382303
"1077",11.105893,17.112257,13.268188
"1078",10.425316,19.339174,13.150037
"1079",6.31359,16.759966,12.94106
"1080",8.632552,19.158262,12.83896
"1081",10.467897,19.100311,12.738224
"1082",10.420737,16.786018,12.799335
"1083",8.823483,16.755753,12.84355
"1084",11.302266,19.057655,12.820171
"1085",10.16887,16.67976,12.793351
"1086",8.259232,16.749054,12.664294
"1087",5.616344,16.554138,12.211917
"1088",4.441532,19.2799,12.268863
"1089",5.283635,18.409861,11.998296
"1090",5.187319,16.124928,11.579971
"1091",5.853694,15.723412,10.818367
"1092",5.73363,15.270626,10.272689
"1093",6.695217,15.228285,10.179821
"1094",9.828163,15.243284,10.461459
"1095",9.978909,15.203205,10.597634
"1096",11.514622,15.017385,10.335409
"1097",11.530951,14.277583,9.590981
"1098",7.921531,13.954783,9.334431
"1099",11.238791,13.79384,9.338992
"1100",12.115287,13.420635,9.077503
"1101",12.059363,13.454865,9.032294
"1102",12.083407,13.967031,9.656219
"1103",7.397958,13.892994,9.856057
"1104",4.058822,13.803704,9.944311
"1105",7.106845,13.618773,9.887295
"1106",11.212064,13.440483,9.745893
"1107",12.116589,13.522929,9.694765
"1108",11.584582,15.213303,9.468191
"1109",8.122947,13.338723,9.428384
"1110",10.563474,13.357574,9.362192
"1111",9.966845,13.465123,9.29858
"1112",10.667074,12.864346,8.667593
"1113",9.448374,12.651175,8.374545
"1114",5.828697,12.461308,8.170728
"1115",8.262229,14.841195,8.465091
"1116",8.285647,15.841619,9.156722
"1117",2.995106,15.49036,8.889494
"1118",4.903429,15.560937,8.962703
"1119",2.135731,13.004969,8.913205
"1120",2.860494,0,0.417327
"1121",10.82705,22.75856,12.738751
"1122",12.525569,24.628433,13.933479
"1123",12.885788,18.613646,13.786017
"1124",12.405342,19.494078,13.389932
"1125",12.266814,16.855116,13.052806
"1126",11.469904,16.517397,12.866482
"1127",12.073876,16.494228,12.903347
"1128",12.14427,16.728054,13.153484
"1129",11.59156,18.368032,13.180799
"1130",11.586539,16.935625,13.233143
"1131",11.682087,17.076796,13.393563
"1132",8.845715,19.329353,13.410959
"1133",11.752122,19.510674,13.52635
"1134",11.292274,17.533989,13.587426
"1135",11.143197,17.544659,13.471184
"1136",9.228226,17.618332,13.481253
"1137",10.512817,17.76026,13.537281
"1138",10.867398,17.91074,13.624053
"1139",11.145898,20.061619,13.632256
"1140",9.025518,20.023937,13.435021
"1141",11.109807,20.024019,13.449383
"1142",10.903882,17.734877,13.540894
"1143",10.766791,17.657024,13.420441
"1144",11.162515,19.81081,13.339561
"1145",11.569854,19.759676,13.417433
"1146",10.847153,17.353891,13.39159
"1147",11.65363,19.52249,13.154955
"1148",10.671686,19.410042,13.106517
"1149",10.680016,16.876568,12.789153
"1150",8.745153,19.252193,12.804449
"1151",7.858048,16.875229,12.716249
"1152",7.928221,16.892605,12.732601
"1153",6.908863,16.845793,12.814889
"1154",7.188452,16.790619,12.861927
"1155",7.672727,16.778521,12.99243
"1156",7.380766,16.891539,12.983888
"1157",9.629562,19.505087,12.563395
"1158",9.506561,18.916838,12.154694
"1159",9.701624,18.197525,11.946381
"1160",7.35801,17.854424,11.602686
"1161",9.222001,15.737439,10.934021
"1162",9.917162,15.315456,10.335374
"1163",8.7211,15.505329,10.606083
"1164",10.250719,15.471287,10.816058
"1165",11.00962,15.420073,10.908664
"1166",11.143404,14.704469,10.007024
"1167",10.767655,14.477445,9.742134
"1168",10.610627,14.278599,9.519716
"1169",11.86755,13.682287,9.183371
"1170",11.417642,13.525649,9.127289
"1171",11.07573,14.096566,9.595442
"1172",12.694794,14.6569,10.614038
"1173",9.343116,15.088333,11.236657
"1174",11.213439,15.764241,11.856086
"1175",11.932602,14.726359,11.058905
"1176",12.424849,13.833302,9.948813
"1177",9.816269,14.921623,9.356704
"1178",11.262922,12.961312,9.203943
"1179",6.24102,13.047404,9.254013
"1180",5.665428,13.211122,9.284186
"1181",10.664,13.0854,9.119219
"1182",10.771752,11.897538,8.049249
"1183",7.898537,13.962529,7.777954
"1184",7.583924,14.261058,8.04884
"1185",10.931339,14.839939,8.409865
"1186",8.915794,12.567003,8.788492
"1187",2.537007,15.315223,8.894531
"1188",2.499553,15.075906,8.828942
"1189",3.415305,5.95972,2.62481
"1190",10.580239,14.923103,7.148825
"1191",12.288973,24.038303,13.807132
"1192",12.204926,18.533247,13.725382
"1193",11.791444,17.294624,13.277622
"1194",11.543489,16.726425,13.012589
"1195",12.423887,16.34383,12.838581
"1196",11.806402,16.398108,12.820361
"1197",11.916606,16.502277,12.981915
"1198",11.929095,16.703943,13.107954
"1199",11.643547,16.832941,13.238946
"1200",11.563239,17.011419,13.227727
"1201",9.251435,17.215969,13.326611
"1202",12.091774,17.410385,13.411146
"1203",12.009825,19.76989,13.46989
"1204",12.358983,17.529671,13.447165
"1205",11.873861,17.552662,13.430145
"1206",11.85997,17.705708,13.484349
"1207",10.807442,17.810835,13.538834
"1208",9.106212,17.789005,13.541867
"1209",10.649082,17.718746,13.466728
"1210",11.696305,17.661745,13.397973
"1211",10.877996,19.953211,13.388076
"1212",10.652207,19.892553,13.338696
"1213",11.663406,17.453081,13.238724
"1214",10.893017,17.390768,13.154518
"1215",10.361135,19.66474,13.200622
"1216",11.182597,19.604496,13.354518
"1217",10.724244,17.07398,13.049355
"1218",11.154896,19.424997,12.881819
"1219",11.304153,19.402777,12.802693
"1220",9.774645,16.988527,12.70888
"1221",6.525737,16.922283,12.664398
"1222",10.126608,19.227938,12.770783
"1223",8.073364,16.929691,12.887468
"1224",8.035583,19.274408,12.957058
"1225",11.196351,19.517048,12.968631
"1226",10.645584,17.101469,12.879333
"1227",9.882608,16.901421,12.29773
"1228",9.642093,17.677765,11.732292
"1229",9.45575,16.159065,11.538527
"1230",9.571765,15.830549,11.052209
"1231",10.615622,15.338043,10.446912
"1232",10.054566,15.456368,10.738642
"1233",10.576098,15.676124,11.057303
"1234",11.690284,15.226824,10.679086
"1235",9.22761,14.575779,9.899376
"1236",8.30477,14.518177,9.890236
"1237",12.486089,14.382627,9.65443
"1238",13.151989,13.780069,9.119596
"1239",14.243613,13.505706,9.033966
"1240",12.214775,14.252832,9.955704
"1241",11.820953,14.94754,11.038509
"1242",11.575871,17.622215,11.76696
"1243",13.781048,16.716442,12.598961
"1244",14.422544,15.268778,11.508577
"1245",13.781262,14.110528,10.115099
"1246",13.402957,13.301753,9.391325
"1247",8.795006,14.815663,9.097245
"1248",3.488381,12.833314,9.051329
"1249",4.19713,12.909459,8.991496
"1250",8.091479,12.848035,8.819683
"1251",8.508441,11.226942,7.575444
"1252",6.605464,13.258906,7.222688
"1253",5.638733,11.040455,7.5781
"1254",6.507938,11.517265,7.918596
"1255",4.979027,15.137075,8.595324
"1256",4.599723,15.36087,8.819153
"1257",6.578906,9.281422,3.24194
"1258",10.891851,18.144733,12.046934
"1259",12.151381,23.683332,13.966021
"1260",12.690608,19.117538,13.895318
"1261",11.266492,20.378141,13.445165
"1262",11.26779,17.11327,13.16919
"1263",11.434136,18.64645,12.972886
"1264",12.045991,16.589434,12.742329
"1265",10.89776,16.402555,12.725027
"1266",11.133592,16.610003,12.961557
"1267",10.14214,16.696678,13.126607
"1268",9.455126,16.916662,13.332997
"1269",11.560709,17.143654,13.261983
"1270",12.155998,19.590157,13.341894
"1271",12.403897,17.46917,13.639111
"1272",12.199781,17.477072,13.632634
"1273",11.84329,17.612272,13.421262
"1274",12.395278,17.775808,13.486202
"1275",12.235594,17.821911,13.486024
"1276",12.401629,17.831594,13.500657
"1277",12.371256,20.11389,13.450018
"1278",11.749818,20.044123,13.373419
"1279",11.238551,19.959923,13.35818
"1280",11.02495,17.544561,13.306619
"1281",11.339352,17.4725,13.157783
"1282",10.631017,17.412008,13.051409
"1283",10.436387,19.654804,13.068265
"1284",10.800566,17.215313,13.028876
"1285",10.86993,17.148056,13.04993
"1286",11.091141,17.144224,13.022804
"1287",10.905127,19.476326,12.868671
"1288",10.625598,17.016237,12.710568
"1289",10.615689,17.04612,12.741177
"1290",9.117817,19.277021,12.745547
"1291",8.682654,19.272959,12.797199
"1292",11.087124,16.984306,12.922359
"1293",10.744531,17.064762,12.913548
"1294",10.130461,17.124878,12.742136
"1295",10.152383,17.02857,12.466585
"1296",10.035367,18.764616,12.15273
"1297",10.096393,16.200773,11.645271
"1298",10.794776,15.805215,11.047835
"1299",10.577063,15.463799,10.646941
"1300",10.838599,15.170284,10.397799
"1301",11.826543,15.121236,10.371176
"1302",11.402917,14.832701,10.256459
"1303",11.254948,14.787339,10.498622
"1304",13.251021,15.040601,10.811304
"1305",13.648427,14.412964,9.782674
"1306",13.144484,13.655063,9.002445
"1307",11.712574,13.6686,9.044946
"1308",12.462454,14.460238,10.171591
"1309",13.462515,14.762887,10.615825
"1310",11.641103,15.423071,11.480536
"1311",13.808852,15.809662,11.818053
"1312",13.650017,14.795431,10.816148
"1313",13.668579,14.018685,9.891774
"1314",13.684089,13.537975,9.377844
"1315",12.913576,12.951219,8.916051
"1316",9.039843,12.763761,8.732248
"1317",2.754905,12.595323,8.603057
"1318",6.954467,14.297018,8.448617
"1319",5.729027,11.711761,7.548566
"1320",5.026406,13.667748,7.448956
"1321",2.870328,11.100209,7.446299
"1322",5.816023,13.743412,7.475293
"1323",6.515487,14.59514,8.090317
"1324",5.798377,0,0
"1325",6.403554,2.641113,4.556669
"1326",10.800914,19.703705,13.283158
"1327",11.950604,19.105726,13.244101
"1328",13.113505,19.398422,13.556708
"1329",12.511157,17.903765,13.20334
"1330",11.310654,17.17527,12.922304
"1331",10.266248,19.053314,12.708135
"1332",11.467032,16.535919,12.620954
"1333",11.681892,16.468695,12.764092
"1334",9.398974,16.629515,12.918294
"1335",11.161147,18.975557,13.099409
"1336",11.640615,19.26886,13.300737
"1337",12.256376,17.354626,13.409077
"1338",12.513994,17.441719,13.426888
"1339",12.3722,19.908453,13.365853
"1340",12.465075,20.044016,13.407888
"1341",12.666097,20.146832,13.483248
"1342",12.217742,20.223982,13.418109
"1343",12.305935,20.244514,13.441379
"1344",12.250608,20.192287,13.413232
"1345",11.558063,17.683218,13.323531
"1346",11.247179,19.965387,13.188482
"1347",11.448361,19.828938,13.043518
"1348",10.802154,17.47323,13.070324
"1349",10.626364,17.3104,12.962702
"1350",10.483505,17.329876,12.953451
"1351",10.748674,17.289799,12.961519
"1352",11.086264,19.810598,13.082944
"1353",11.138881,19.770725,13.166101
"1354",11.298718,17.147234,12.902216
"1355",10.772182,17.074598,12.731783
"1356",9.775332,17.125919,12.765735
"1357",9.106997,17.031229,12.686859
"1358",10.681505,16.723696,12.407331
"1359",10.611033,18.782633,12.154966
"1360",10.142667,16.545713,12.263724
"1361",9.349137,16.800655,12.382697
"1362",10.109351,16.851328,12.379113
"1363",10.437674,19.064659,12.264996
"1364",10.39782,16.415558,11.915016
"1365",10.778167,15.687591,11.181763
"1366",11.037536,14.922213,10.452972
"1367",12.361832,14.81644,10.185699
"1368",12.160921,14.889505,10.264971
"1369",11.657051,14.93581,10.342627
"1370",12.499631,14.784165,10.5093
"1371",13.510216,14.615656,10.375355
"1372",13.701083,14.449937,9.815924
"1373",13.524631,13.735259,9.02496
"1374",12.709888,14.022803,9.171927
"1375",13.46842,14.848329,10.376039
"1376",13.829516,15.078409,10.707972
"1377",11.83435,15.449756,11.294299
"1378",13.750428,15.908614,11.670215
"1379",13.647228,14.811569,10.346096
"1380",13.519897,14.11159,9.756209
"1381",12.706942,13.713881,9.280369
"1382",11.34623,13.369909,8.933321
"1383",8.39381,12.763412,8.575923
"1384",2.857546,14.28728,8.423652
"1385",4.49789,12.18725,8.118085
"1386",2.89938,11.615488,7.346926
"1387",3.323028,11.705807,7.449417
"1388",2.874247,11.792228,7.524423
"1389",6.003987,13.706363,7.244261
"1390",7.712431,11.002897,6.608598
"1391",2.432196,0,0
"1392",2.146125,0,0
"1393",5.386542,0,0
"1394",8.035258,0,0
"1395",11.947938,0,2.598801
"1396",12.315166,3.805558,3.173224
"1397",10.536131,17.469654,12.653217
"1398",11.841544,17.069689,12.620375
"1399",11.489713,16.783054,12.669744
"1400",8.899585,16.676533,12.772864
"1401",9.765409,18.859556,12.931685
"1402",11.85679,17.025864,13.086937
"1403",12.580619,19.424629,13.219391
"1404",12.830612,17.434174,13.313662
"1405",12.981043,19.806612,13.303306
"1406",12.847713,19.960089,13.311085
"1407",12.79517,20.010202,13.231235
"1408",12.65982,20.111614,13.198657
"1409",12.491101,17.683416,13.065427
"1410",12.622869,20.129313,13.199766
"1411",12.474063,17.800621,13.313735
"1412",11.819479,20.082048,13.249844
"1413",11.577931,19.900089,12.936664
"1414",10.672688,19.657394,12.68194
"1415",10.893313,19.720129,12.819773
"1416",10.624582,17.469025,13.018662
"1417",10.445547,19.835676,12.987967
"1418",10.650893,19.880478,13.160297
"1419",10.964996,19.949652,13.150431
"1420",10.437101,19.864815,13.055161
"1421",9.263146,17.076006,12.749168
"1422",9.435277,16.794579,12.457796
"1423",9.343035,17.058346,12.635281
"1424",10.754474,16.802332,12.393286
"1425",11.060287,16.120584,11.83322
"1426",10.2524,15.668324,11.506565
"1427",9.121841,18.746386,12.001185
"1428",10.168756,18.930719,12.130142
"1429",10.052689,18.884306,12.060439
"1430",10.395265,16.232225,11.902057
"1431",10.698601,15.451066,11.309892
"1432",10.938877,14.898617,10.484391
"1433",11.517651,14.899617,10.376466
"1434",11.810278,14.969685,10.604311
"1435",10.848012,15.051379,10.752772
"1436",13.145329,14.954291,10.46925
"1437",13.929159,14.364992,9.750554
"1438",13.68586,14.118965,9.590529
"1439",14.29041,14.168959,9.502231
"1440",13.719355,13.873171,9.099919
"1441",12.282154,14.497578,9.806044
"1442",13.845095,15.08976,10.390018
"1443",13.457,15.389872,10.828753
"1444",12.301788,15.886426,11.679903
"1445",14.113084,18.199009,12.082985
"1446",13.581674,15.806406,11.189964
"1447",12.169386,14.7615,9.839069
"1448",13.526903,14.199537,9.404987
"1449",11.242111,13.496363,8.86941
"1450",7.307932,12.854248,8.390246
"1451",3.772057,14.33977,8.276075
"1452",4.126311,12.46383,7.929842
"1453",3.069663,11.754166,7.28722
"1454",2.75354,11.927524,7.404383
"1455",2.405246,13.881442,7.447057
"1456",2.988663,12.067565,7.20671
"1457",1.979837,0,0
"1458",4.595084,0,0.952829
"1459",3.404396,0,1.212546
"1460",8.98103,0,2.576787
"1461",11.283753,0,0.485196
"1462",11.684944,18.544495,13.080609
"1463",11.848323,20.431837,12.544457
"1464",10.435841,19.824095,12.701884
"1465",10.979817,19.406864,12.933766
"1466",11.463647,19.202581,12.99616
"1467",12.120084,17.266556,13.138302
"1468",13.041929,17.273142,13.153829
"1469",13.066812,17.53726,13.238425
"1470",12.739256,20.008322,13.276738
"1471",12.922896,17.810841,13.348876
"1472",13.180424,20.266623,13.332717
"1473",12.746716,17.903446,13.246158
"1474",12.448564,19.972952,12.798934
"1475",12.774816,17.067738,12.441926
"1476",12.867246,19.894047,12.772395
"1477",11.518655,17.316799,12.811438
"1478",10.605055,16.908123,12.532749
"1479",10.75564,19.56106,12.531033
"1480",10.885823,19.644691,12.660024
"1481",11.054476,19.876314,12.938929
"1482",11.057797,19.962566,13.011866
"1483",10.640351,20.097588,13.202011
"1484",10.280727,20.112358,13.213884
"1485",10.33695,20.049587,13.193404
"1486",9.826482,16.826645,12.482904
"1487",10.79567,16.226379,11.914603
"1488",10.841592,16.256496,11.920428
"1489",10.659497,16.340698,11.916368
"1490",8.892039,18.770607,12.006948
"1491",9.102842,19.109943,12.259055
"1492",10.733093,19.178173,12.325032
"1493",10.402627,18.770412,12.028155
"1494",9.970163,18.559326,11.892688
"1495",10.573094,15.917582,11.676088
"1496",10.756377,15.033686,10.897156
"1497",11.105284,14.993098,10.546994
"1498",11.110144,15.187394,10.665325
"1499",10.34709,15.209149,10.845643
"1500",13.301584,15.431545,11.01701
"1501",13.883767,14.935391,10.416046
"1502",14.226443,14.125092,9.536278
"1503",13.617664,13.946342,9.503444
"1504",13.999104,14.08708,9.505936
"1505",13.206228,14.199417,9.313609
"1506",12.826568,14.614845,9.812052
"1507",13.475593,15.366335,10.497573
"1508",13.033012,15.923866,11.184185
"1509",12.254345,17.760674,11.804007
"1510",8.842306,16.277655,11.778484
"1511",8.927784,16.478809,11.680728
"1512",8.296078,16.425526,11.618345
"1513",12.897303,14.885635,9.793746
"1514",11.384663,13.825418,8.802994
"1515",3.501282,12.914242,7.895834
"1516",2.75532,12.759668,7.718646
"1517",1.99946,12.81176,7.731502
"1518",2.812706,12.49726,7.602801
"1519",2.55563,12.418497,7.526756
"1520",2.376935,12.204484,7.396078
"1521",1.277449,0,0.914083
"1522",4.925795,0,1.142097
"1523",11.733088,0,1.171881
"1524",9.442135,0,0
"1525",9.10586,0,0.997822
"1526",12.837624,18.147602,12.578192
"1527",10.894182,17.151323,12.277241
"1528",12.625449,19.662779,12.631615
"1529",13.034993,17.305922,12.994314
"1530",13.081347,17.539204,13.195247
"1531",12.952065,19.698772,13.12708
"1532",12.630028,17.495914,12.964028
"1533",13.123863,17.725128,13.181111
"1534",13.082453,20.338287,13.330843
"1535",12.721849,20.349745,13.320315
"1536",12.516792,20.342579,13.223366
"1537",12.005316,20.097149,12.838198
"1538",11.603311,16.824526,12.196497
"1539",11.811242,19.215906,12.150129
"1540",10.671177,16.855339,12.391799
"1541",10.984902,16.718777,12.358132
"1542",11.454935,19.512348,12.422581
"1543",11.243361,16.859055,12.438725
"1544",11.036331,19.10391,12.111442
"1545",10.56123,16.402622,12.04593
"1546",10.22951,19.92724,12.73997
"1547",10.47168,17.402348,12.909397
"1548",10.119303,17.190073,12.670072
"1549",10.432411,18.816772,11.975118
"1550",10.920649,15.838353,11.585774
"1551",10.8487,15.217313,11.020167
"1552",10.129666,15.839,11.589661
"1553",9.649987,17.242624,12.62128
"1554",10.092364,19.94125,12.982421
"1555",9.817713,19.690453,12.798903
"1556",10.069264,18.821083,12.062711
"1557",10.141298,16.13838,11.900202
"1558",10.746115,17.96652,11.674328
"1559",11.013635,15.022397,10.873461
"1560",11.136521,14.977195,10.512929
"1561",10.086866,15.151798,10.614095
"1562",10.411714,15.339636,10.757285
"1563",13.159052,17.49221,11.110041
"1564",13.735356,15.46164,10.757628
"1565",14.02673,14.563338,9.837317
"1566",13.510975,15.831011,9.626336
"1567",12.476491,14.197155,9.68517
"1568",13.045644,14.422082,9.690177
"1569",13.236841,15.031492,10.211756
"1570",13.100733,15.453672,10.482209
"1571",13.351081,16.077049,11.146643
"1572",13.512115,16.193657,11.293075
"1573",9.527228,16.173309,11.307907
"1574",5.224107,17.751692,11.068615
"1575",3.462794,16.359175,11.496614
"1576",7.835798,15.702609,10.411036
"1577",2.989542,13.613029,8.311835
"1578",2.167594,12.949057,7.668321
"1579",3.130008,12.806708,7.519127
"1580",2.865815,12.873688,7.677787
"1581",2.836974,13.106307,7.853946
"1582",2.089856,12.723859,7.83523
"1583",1.981064,12.428066,7.510234
"1584",0.916968,0,0
"1585",1.416371,0,0.257958
"1586",9.688138,0,3.625736
"1587",10.366891,0,3.327815
"1588",12.499669,0,0
"1589",13.157295,0,1.806699
"1590",10.153776,10.813775,8.575243
"1591",13.86116,15.871858,12.068419
"1592",13.489768,20.314093,13.09801
"1593",13.762156,20.289185,13.252801
"1594",12.656456,20.201773,13.125652
"1595",11.22847,17.439528,12.799052
"1596",12.158893,17.650948,12.988297
"1597",12.230549,17.861317,13.276923
"1598",13.467525,17.954407,13.311649
"1599",13.734936,17.680292,12.96967
"1600",13.07333,19.976068,12.600347
"1601",12.727547,17.04788,12.394917
"1602",12.540226,19.591217,12.330699
"1603",11.611958,17.046309,12.433356
"1604",11.211819,16.756048,12.312023
"1605",11.347384,16.362062,12.083709
"1606",11.100918,18.285524,11.740045
"1607",10.817248,15.582717,11.42354
"1608",10.716564,15.577062,11.402133
"1609",10.453884,15.57841,11.39875
"1610",10.259508,17.986498,11.574311
"1611",9.467733,15.808624,11.559868
"1612",11.167567,17.903614,11.544449
"1613",10.862591,15.308894,10.976285
"1614",10.157728,17.076803,10.597053
"1615",9.099949,15.268834,10.905842
"1616",10.465071,16.254103,11.850854
"1617",10.418691,17.060635,12.484112
"1618",10.216003,18.949755,12.071344
"1619",9.943413,16.363808,12.009489
"1620",10.473467,16.400112,12.082957
"1621",10.397246,16.387615,12.025227
"1622",11.546447,15.458684,11.280828
"1623",11.13811,14.811148,10.432844
"1624",11.062537,14.722448,10.177522
"1625",8.377089,15.240041,10.598949
"1626",12.416067,18.06126,11.100574
"1627",14.124799,17.858572,10.918393
"1628",14.329119,15.090317,10.285984
"1629",13.774014,14.625051,9.980432
"1630",11.865495,14.515444,9.95809
"1631",13.320405,14.565043,10.01902
"1632",13.784134,15.072624,10.504765
"1633",13.080267,15.299434,10.592726
"1634",13.305134,17.560759,10.758085
"1635",11.590694,16.042826,10.751924
"1636",11.834908,16.148861,10.882317
"1637",11.666831,16.002287,10.690268
"1638",11.882642,16.014204,10.665923
"1639",7.667471,15.285641,9.668853
"1640",3.463566,14.074048,8.970695
"1641",2.785257,13.522251,8.358105
"1642",3.244233,13.234955,8.225778
"1643",2.845685,13.638622,8.550965
"1644",1.942816,15.163565,8.269079
"1645",1.907975,12.7054,7.918925
"1646",1.021217,0,0.230219
"1647",6.024242,0,1.842019
"1648",11.515957,12.985823,7.587253
"1649",14.096185,18.904615,12.975034
"1650",13.813952,17.657736,12.238256
"1651",11.603264,10.506322,9.207636
"1652",10.799184,11.640096,10.576263
"1653",13.121326,20.036531,12.592863
"1654",13.714929,17.94445,13.192607
"1655",12.832851,20.301006,12.970728
"1656",10.534363,17.122383,12.444058
"1657",12.434772,17.443861,12.660969
"1658",13.293469,17.848425,13.066234
"1659",13.365394,17.523224,12.728741
"1660",13.151103,16.325359,11.873923
"1661",12.88479,15.992531,11.635423
"1662",13.021339,16.154728,11.76421
"1663",12.830229,16.166714,11.764627
"1664",12.305944,15.369423,10.964113
"1665",11.486137,17.430634,11.030952
"1666",11.280941,17.252684,10.635292
"1667",10.121126,16.972744,10.452856
"1668",9.95169,14.975116,10.787455
"1669",9.532091,15.123901,10.95601
"1670",9.773318,17.003569,10.831166
"1671",10.100013,15.099474,10.767321
"1672",10.586419,15.347851,11.020387
"1673",11.06084,15.332985,10.941934
"1674",9.553692,15.087187,10.505956
"1675",8.702291,17.090443,10.471635
"1676",9.465564,15.115445,10.559221
"1677",10.53579,15.167569,10.712215
"1678",10.542128,15.454,11.13004
"1679",10.338251,15.711104,11.496362
"1680",9.848175,16.199848,11.92532
"1681",10.803543,19.112505,12.202133
"1682",11.973352,19.248814,12.283876
"1683",11.888175,17.837744,11.736664
"1684",11.413024,14.831476,10.393246
"1685",11.19906,14.944302,10.321739
"1686",11.015182,16.98974,10.51765
"1687",11.379585,17.76972,10.848356
"1688",13.184536,16.063614,10.846433
"1689",13.80704,17.438387,10.35655
"1690",13.880052,17.055418,10.079145
"1691",11.660851,14.591389,10.030635
"1692",12.983493,16.79615,10.00489
"1693",13.838438,14.599841,10.013262
"1694",13.453506,15.086411,10.49524
"1695",12.382767,17.450451,10.500766
"1696",10.761547,15.713191,10.279512
"1697",12.149506,15.992917,10.438667
"1698",10.542315,15.935979,10.316196
"1699",11.08478,17.129822,10.086233
"1700",6.188551,16.267563,9.474543
"1701",3.97727,16.296597,9.436459
"1702",2.306132,13.842065,9.137799
"1703",2.082756,15.630077,8.897546
"1704",2.048002,13.738054,8.900751
"1705",1.302725,13.531026,8.55137
"1706",2.310379,0,0
"1707",8.332314,21.298008,10.956792
"1708",12.093752,20.252853,14.189675
"1709",13.014243,23.46085,14.126493
"1710",13.029828,18.591639,13.501678
"1711",7.760491,12.786386,7.844769
"1712",11.018858,13.960736,9.819148
"1713",13.513647,19.744713,12.466139
"1714",12.74039,16.375967,11.880373
"1715",11.887802,15.973592,11.625684
"1716",12.630814,18.123121,11.729259
"1717",13.482054,18.614838,11.992126
"1718",13.549913,16.457668,11.866656
"1719",11.618768,15.866398,11.317751
"1720",11.777385,17.542511,10.742985
"1721",12.64981,17.538481,10.717975
"1722",12.081764,15.143114,10.273551
"1723",12.94418,16.458111,9.753939
"1724",12.69416,16.784758,9.980547
"1725",11.421525,16.951519,10.199773
"1726",10.47532,14.486341,10.279091
"1727",10.945801,17.109182,10.388178
"1728",10.73321,14.697902,10.322942
"1729",9.765192,14.481214,10.1543
"1730",9.936376,14.468529,10.110526
"1731",10.273663,14.838964,10.271099
"1732",10.43627,16.943573,10.412617
"1733",9.679099,15.139158,10.404303
"1734",9.332808,15.101666,10.337566
"1735",9.739779,15.144135,10.476756
"1736",10.76535,15.267342,10.622536
"1737",6.768283,15.496664,10.943175
"1738",9.861974,15.768758,11.395372
"1739",10.504783,16.25869,11.916317
"1740",11.048962,19.192795,12.262781
"1741",11.651426,16.700359,12.298067
"1742",11.890488,16.232704,11.943359
"1743",11.925645,14.965693,10.441916
"1744",11.016039,14.948912,10.28558
"1745",10.688354,15.066824,10.362381
"1746",12.185385,15.5967,10.612761
"1747",10.601024,17.954762,10.624837
"1748",10.623985,15.395249,10.274408
"1749",13.114983,17.461683,10.136072
"1750",11.382119,14.900916,10.078698
"1751",12.671524,16.985455,10.005118
"1752",13.757259,14.845794,10.057621
"1753",12.828133,14.622015,9.995921
"1754",12.680936,14.839713,9.893137
"1755",11.322095,15.469778,10.06993
"1756",10.76925,15.315401,9.561067
"1757",10.882191,15.252197,9.742384
"1758",9.219894,14.468572,9.413409
"1759",7.06326,14.530922,9.536987
"1760",2.38632,16.445372,9.436597
"1761",2.115948,13.843069,9.106473
"1762",1.935739,13.344027,8.750614
"1763",1.793754,13.762285,8.768563
"1764",1.350884,15.645212,8.473056
"1765",0.966829,0,0
"1766",4.581752,26.62941,10.821784
"1767",11.299204,25.554119,14.353279
"1768",12.382253,24.273249,14.412093
"1769",12.599143,22.841373,14.113425
"1770",9.964622,19.170883,12.258933
"1771",9.231221,13.870414,9.217306
"1772",12.501227,14.489082,9.327421
"1773",13.243152,14.325573,9.147182
"1774",12.346183,14.287512,9.319157
"1775",13.496832,14.893541,9.867499
"1776",14.190764,15.38633,10.443836
"1777",13.658768,16.152334,11.495888
"1778",12.872099,15.789816,10.95628
"1779",13.465356,15.620395,10.667533
"1780",12.971937,15.362663,10.292524
"1781",11.211217,15.061537,9.896645
"1782",11.376101,14.86862,9.77521
"1783",12.374863,14.760859,9.799795
"1784",11.105297,14.571675,10.092657
"1785",8.576525,17.09642,10.194493
"1786",10.729406,14.64035,10.191319
"1787",10.926316,14.467828,10.03994
"1788",10.074892,16.70224,9.982553
"1789",9.063775,16.665405,9.896356
"1790",9.660667,14.723933,9.94839
"1791",9.747247,14.992753,10.260799
"1792",6.359198,15.109859,10.332588
"1793",8.061176,15.207219,10.316496
"1794",10.757406,17.187229,10.52281
"1795",9.057822,17.185884,10.663218
"1796",6.889232,15.587745,10.784655
"1797",9.46161,15.684829,11.074395
"1798",9.755411,15.925399,11.583812
"1799",11.433757,16.196705,11.871759
"1800",11.861478,15.66975,11.385915
"1801",11.980865,16.672667,10.298849
"1802",11.061261,16.080523,9.612772
"1803",11.106652,14.40338,9.739057
"1804",10.368132,14.753661,10.023562
"1805",10.703165,15.055863,10.20348
"1806",11.193211,14.993597,9.988948
"1807",11.599875,15.037702,9.953206
"1808",11.625587,15.168271,10.060802
"1809",11.230782,15.145998,10.068671
"1810",9.831946,15.086062,10.059034
"1811",13.448829,17.323572,10.034057
"1812",13.152727,14.820242,10.005265
"1813",13.11871,14.731703,9.9203
"1814",12.3889,14.733111,9.681134
"1815",10.495338,14.677505,9.428649
"1816",11.197927,14.726676,9.403483
"1817",11.189285,14.330521,9.36953
"1818",7.110376,16.670588,9.472653
"1819",5.028925,16.222687,9.315149
"1820",2.81008,13.604265,9.095018
"1821",1.803031,13.382184,8.87746
"1822",2.033701,16.255667,8.785963
"1823",2.949221,0,2.850098
"1824",9.131248,27.736719,13.662779
"1825",10.864449,25.399296,14.410748
"1826",13.804777,24.133371,14.277314
"1827",12.067061,17.21468,12.040379
"1828",10.718862,15.782368,10.808712
"1829",12.52766,15.432305,10.016064
"1830",13.853362,14.741861,9.415273
"1831",13.27367,15.161014,9.849168
"1832",14.256199,15.207018,9.905041
"1833",14.229727,15.260644,9.931199
"1834",13.855908,15.785305,10.866287
"1835",13.576344,15.866839,10.813159
"1836",13.391033,15.653146,10.566184
"1837",12.575846,15.448666,10.187116
"1838",11.282222,15.260825,9.97821
"1839",10.537696,16.838091,9.993954
"1840",11.008459,14.801459,9.67069
"1841",11.46203,16.666302,9.729994
"1842",9.628247,14.458181,9.847474
"1843",11.381259,16.777508,9.777818
"1844",11.492909,16.620619,9.651896
"1845",11.221605,16.637297,9.653526
"1846",11.035112,16.541128,9.59284
"1847",9.208285,14.603448,9.599983
"1848",9.09426,16.691471,9.933651
"1849",10.114792,16.991861,10.163817
"1850",8.367028,15.136245,10.137516
"1851",10.239909,15.447083,10.390928
"1852",10.528868,15.561648,10.548978
"1853",10.919208,17.193241,10.569887
"1854",11.405946,15.727296,10.810116
"1855",10.518092,17.087658,10.539217
"1856",11.654871,14.82189,10.093149
"1857",11.97747,14.237697,9.565739
"1858",11.215092,16.032408,9.320378
"1859",11.463761,16.012671,9.215898
"1860",11.589195,13.806404,9.289928
"1861",13.076092,16.489017,9.416048
"1862",10.766514,16.28776,9.476494
"1863",10.173545,14.441742,9.604925
"1864",10.406664,14.655307,9.686082
"1865",11.231233,14.922841,9.858932
"1866",10.606596,17.401285,9.984394
"1867",7.174881,15.124186,9.985966
"1868",12.584862,14.880759,9.960766
"1869",13.116074,14.688981,9.908127
"1870",12.948449,17.158806,9.800862
"1871",12.697465,14.67382,9.697474
"1872",11.152826,16.684824,9.561972
"1873",12.139744,16.277929,9.187085
"1874",7.25784,13.932926,8.908828
"1875",7.455112,16.205278,9.04766
"1876",4.173671,13.599084,9.255112
"1877",2.71821,16.594719,9.441075
"1878",1.81169,13.636762,9.479986
"1879",2.364369,0,2.834362
"1880",7.542965,27.611998,12.724462
"1881",13.35146,19.95756,13.688163
"1882",13.215187,19.777332,12.712879
"1883",11.286153,18.12513,12.925479
"1884",13.212191,17.264086,12.354357
"1885",14.660061,16.100096,11.05574
"1886",14.357366,16.252449,11.407153
"1887",14.660656,17.770031,10.810731
"1888",14.373398,15.737895,10.352237
"1889",14.109209,15.761599,10.389885
"1890",13.923182,15.444863,10.075609
"1891",14.140293,14.778366,9.733682
"1892",13.679921,14.875035,9.665919
"1893",13.244888,15.265251,9.783929
"1894",12.008964,15.14418,9.718317
"1895",7.964096,16.268917,9.291844
"1896",5.007835,14.252484,9.131772
"1897",7.005666,14.172752,9.153673
"1898",9.006363,14.437779,9.463486
"1899",9.681581,16.508572,9.414381
"1900",9.862729,14.120199,9.213355
"1901",9.021628,14.100303,9.123741
"1902",10.583179,14.378379,9.312349
"1903",10.795607,14.556589,9.592192
"1904",10.546583,16.931196,9.900493
"1905",6.862804,14.798546,9.889252
"1906",7.032336,16.99935,9.914914
"1907",8.975811,16.80838,9.854534
"1908",11.24167,16.760893,9.931116
"1909",11.785707,15.17698,9.990827
"1910",11.745852,14.351999,9.514188
"1911",12.322428,13.931095,9.274234
"1912",12.081492,16.024048,9.137402
"1913",12.035235,13.790363,9.184568
"1914",12.513078,16.372442,9.258937
"1915",10.276407,13.866709,9.24903
"1916",11.020443,14.355566,9.387183
"1917",8.707129,16.631939,9.480021
"1918",8.831348,16.627565,9.579285
"1919",4.825849,14.449455,9.559949
"1920",7.316799,14.46318,9.63256
"1921",8.212718,14.83078,9.898689
"1922",6.494698,17.511059,9.981922
"1923",11.545739,17.384029,9.931584
"1924",12.524762,14.616976,9.808085
"1925",10.841815,14.331185,9.592939
"1926",10.536668,14.114025,9.498474
"1927",9.725113,16.462379,9.442181
"1928",11.696388,13.675501,9.006472
"1929",7.638293,15.82052,8.52706
"1930",4.82502,12.989508,8.428057
"1931",4.109918,15.825075,8.784031
"1932",2.147743,16.552526,9.306888
"1933",1.790993,16.95859,9.485216
"1934",0.911238,0,0
"1935",5.008413,25.000118,9.216682
"1936",11.751958,20.066397,13.535467
"1937",13.408545,19.022156,13.861865
"1938",11.980072,18.985281,13.767558
"1939",13.45272,16.953762,12.214821
"1940",14.657814,16.348448,11.706437
"1941",14.761964,16.562054,11.884259
"1942",14.461091,16.269323,11.276358
"1943",14.806517,18.095449,10.788879
"1944",14.657222,15.444227,9.970095
"1945",14.913013,14.522268,9.375528
"1946",14.431259,17.275515,9.284014
"1947",14.187684,14.282656,9.303103
"1948",13.85632,14.404028,9.326717
"1949",13.018758,14.428302,9.154498
"1950",10.254077,14.192746,8.940332
"1951",5.187728,13.909648,8.687525
"1952",7.186594,13.984704,8.824432
"1953",11.314084,16.457287,9.243322
"1954",11.396373,16.305561,9.108091
"1955",11.082355,13.521833,8.631246
"1956",8.531269,13.458857,8.538025
"1957",10.384746,14.040749,8.9158
"1958",11.13588,16.558319,9.395707
"1959",9.021835,17.275528,9.915733
"1960",7.857549,17.062376,9.823168
"1961",4.886369,14.808349,9.71344
"1962",3.925088,16.813507,9.603781
"1963",10.584795,16.613617,9.458059
"1964",11.326811,16.35076,9.272616
"1965",11.452775,14.050673,9.260142
"1966",12.072541,16.283436,9.221325
"1967",12.096765,13.883348,9.11627
"1968",10.615991,16.26819,9.160163
"1969",10.735169,16.569771,9.26748
"1970",9.33112,13.984597,9.211114
"1971",10.687181,16.563118,9.300723
"1972",9.578142,14.338464,9.444437
"1973",8.404027,16.896692,9.578521
"1974",5.304651,14.747745,9.605403
"1975",3.640621,16.413397,9.512674
"1976",2.713808,14.138221,9.559731
"1977",5.578249,17.007349,9.663365
"1978",9.167651,17.384533,9.761312
"1979",8.894988,14.449353,9.615652
"1980",11.029269,16.577543,9.44132
"1981",7.091924,14.114366,9.488318
"1982",5.347416,13.974694,9.3619
"1983",6.515643,16.031876,8.97043
"1984",4.478275,15.733648,8.412255
"1985",4.953707,15.067801,8.042553
"1986",1.565784,15.368532,8.241808
"1987",2.017417,16.125944,8.833531
"1988",2.764212,18.491314,5.927284
"1989",9.541167,21.306633,11.960218
"1990",11.371758,22.782701,13.644029
"1991",12.145447,17.894726,12.194653
"1992",12.605274,13.30952,8.203486
"1993",14.069698,13.900803,9.045872
"1994",14.890965,16.118193,11.67169
"1995",14.502835,17.009243,12.246165
"1996",14.853121,16.611902,11.601629
"1997",14.375319,18.20475,9.98131
"1998",14.892475,14.727336,9.283011
"1999",14.731617,17.693392,9.26209
"2000",14.010593,17.730091,9.323932
"2001",12.467044,14.914372,9.475946
"2002",10.132187,14.829412,9.417599
"2003",8.969502,16.597109,9.148489
"2004",10.904147,14.120474,8.77416
"2005",11.922827,15.576957,8.629305
"2006",11.368292,16.112459,8.954041
"2007",10.117208,13.490835,8.812995
"2008",9.414561,13.245209,8.426753
"2009",7.129495,15.321193,8.409196
"2010",10.995456,13.693779,8.421144
"2011",12.078622,14.572345,8.635479
"2012",12.099288,15.213707,9.714093
"2013",12.092731,17.290565,9.65998
"2014",5.093187,16.478783,9.139603
"2015",2.764138,16.598169,9.350959
"2016",5.550263,14.223881,9.226636
"2017",10.705649,14.124284,9.175673
"2018",11.87751,14.060534,9.188898
"2019",12.655311,14.005572,9.169141
"2020",12.905258,16.277962,9.085896
"2021",11.614717,13.828262,9.046929
"2022",9.264282,16.304363,9.042912
"2023",10.766984,16.365345,9.100502
"2024",9.258944,13.826021,9.177412
"2025",9.708531,14.010964,9.252848
"2026",8.845449,14.503699,9.361543
"2027",7.675008,16.606653,9.30388
"2028",3.964695,13.870722,9.243896
"2029",3.570701,16.687435,9.35507
"2030",7.054463,14.088776,9.378714
"2031",9.243171,17.04801,9.474238
"2032",9.955577,16.64958,9.377253
"2033",9.526903,16.488642,9.362387
"2034",4.968637,14.099455,9.463305
"2035",4.114692,16.409214,9.283168
"2036",2.163167,15.729614,8.749927
"2037",4.206336,15.295196,8.154517
"2038",2.692676,14.738252,7.774926
"2039",2.42041,12.236967,7.780691
"2040",6.750254,26.578371,11.588799
"2041",8.716035,23.747906,12.716984
"2042",11.432419,15.267506,10.353227
"2043",11.942691,14.362835,9.068098
"2044",14.486126,14.712685,9.40958
"2045",14.485665,15.362958,11.283401
"2046",14.58901,15.851168,11.466199
"2047",14.406513,18.360991,12.918873
"2048",14.290255,22.522896,13.501742
"2049",14.436093,19.054672,10.084988
"2050",14.730602,15.060034,9.260331
"2051",14.322462,15.076575,9.347518
"2052",13.323792,18.116316,9.595837
"2053",10.974461,15.437634,9.749079
"2054",12.666321,15.044557,9.478792
"2055",11.609761,14.470697,9.099493
"2056",10.747703,16.13018,8.89862
"2057",9.131144,16.157301,8.927971
"2058",7.774848,13.510585,8.801245
"2059",9.452662,13.276814,8.522913
"2060",9.02467,13.320838,8.471805
"2061",10.481956,13.441736,8.079417
"2062",11.33945,13.399723,7.563765
"2063",12.333439,16.627224,8.919545
"2064",9.787692,14.678327,9.071951
"2065",8.481176,15.797057,8.530169
"2066",2.993137,14.134823,9.019653
"2067",3.341696,16.414896,9.144111
"2068",6.24853,14.090933,9.169731
"2069",9.004513,14.208615,9.207384
"2070",13.187889,14.049164,9.21244
"2071",13.667875,13.789298,9.061742
"2072",12.196657,13.797763,8.981948
"2073",5.185672,13.30406,8.70988
"2074",8.458812,13.377791,8.75998
"2075",5.132855,16.244362,9.041364
"2076",4.472826,16.213598,9.034648
"2077",7.466487,16.71546,9.113516
"2078",7.637231,13.956301,9.020919
"2079",6.377652,16.341019,8.955206
"2080",7.650655,16.637852,9.158802
"2081",7.536697,16.703512,9.195859
"2082",7.3428,16.44854,9.132157
"2083",9.743797,13.65231,9.199376
"2084",8.741651,13.737972,9.267129
"2085",6.734992,13.678879,9.237415
"2086",5.471821,13.642423,9.0938
"2087",3.029881,15.899126,8.693235
"2088",1.962463,12.597507,8.13726
"2089",1.118227,14.698771,7.684902
"2090",1.406662,0,1.26632
"2091",2.867645,12.2951,4.618989
"2092",10.628273,15.106889,8.888602
"2093",10.128499,22.220306,13.107944
"2094",12.51022,19.242678,13.324494
"2095",13.400854,16.821005,12.134329
"2096",13.740555,15.872567,11.369219
"2097",13.831367,19.41217,13.714032
"2098",13.896119,23.423382,14.286699
"2099",14.272316,24.121754,14.260964
"2100",14.178284,16.940493,10.708685
"2101",14.350985,18.73246,10.01804
"2102",13.888379,15.997348,10.154489
"2103",12.835011,15.794415,10.060545
"2104",12.013212,15.349648,9.764226
"2105",11.211619,17.033207,9.417048
"2106",10.830178,16.378387,9.029466
"2107",7.437881,13.719016,8.898742
"2108",8.21876,13.631436,8.805704
"2109",8.663645,13.401456,8.60326
"2110",6.072583,13.189456,8.255273
"2111",9.32904,13.097217,7.785673
"2112",10.074176,13.175508,7.648622
"2113",9.228716,13.504118,7.983647
"2114",9.053616,13.876474,8.351066
"2115",7.411878,14.134517,8.508055
"2116",4.926292,16.872416,9.16638
"2117",2.841868,14.173847,9.175028
"2118",3.612554,16.42868,9.095
"2119",7.074042,14.355852,9.256385
"2120",11.730316,14.310754,9.220091
"2121",11.837417,14.025953,9.083309
"2122",10.916628,14.003667,9.061268
"2123",8.630171,13.396489,8.703347
"2124",6.128623,13.251427,8.655111
"2125",7.329502,16.181753,8.890224
"2126",7.849796,13.517945,8.86972
"2127",9.286042,16.76692,8.993954
"2128",7.39502,16.952364,9.003201
"2129",4.300652,16.509844,8.84686
"2130",5.795331,16.636301,8.885277
"2131",8.969522,13.538041,8.924272
"2132",9.712911,13.312413,8.894644
"2133",9.094157,16.151934,9.000333
"2134",9.342429,16.39711,9.113553
"2135",7.457272,16.094349,8.903355
"2136",6.165766,13.088117,8.780085
"2137",5.05938,16.03767,8.657593
"2138",2.06047,15.500233,8.23008
"2139",0.975441,12.355426,7.753908
"2140",1.510099,0,0
"2141",7.540018,12.547872,5.329825
"2142",9.480436,23.040707,13.20993
"2143",10.621789,24.178495,12.504485
"2144",12.054083,19.249386,11.70919
"2145",10.029349,17.133772,10.274695
"2146",12.54491,25.785557,13.335321
"2147",13.810054,24.019928,14.408595
"2148",13.331103,24.174028,14.474635
"2149",14.450705,23.675295,14.302544
"2150",13.795993,19.797247,12.153773
"2151",12.783739,18.965498,11.289728
"2152",11.664941,18.570103,11.067662
"2153",10.690615,16.10004,10.823034
"2154",11.361748,18.09746,10.435184
"2155",9.733966,14.666737,9.495577
"2156",4.057115,16.630783,9.093777
"2157",6.035031,16.534603,9.001566
"2158",4.345353,13.68697,8.781831
"2159",2.31548,13.433404,8.394113
"2160",6.410536,13.234398,8.175213
"2161",8.94239,13.08848,7.912859
"2162",8.189693,13.105331,7.879201
"2163",6.933323,13.262551,8.036522
"2164",10.112517,13.830736,8.559319
"2165",8.6548,16.738186,9.139447
"2166",6.951637,16.791397,9.147256
"2167",7.112041,14.492996,9.207797
"2168",8.670956,16.783718,9.360447
"2169",9.466367,14.30295,9.202755
"2170",8.341734,17.090769,9.212076
"2171",9.346434,13.941205,9.003568
"2172",8.118533,13.50826,8.735697
"2173",8.070201,13.46858,8.623399
"2174",8.050834,16.327932,8.815151
"2175",8.983836,16.540522,8.867156
"2176",7.199398,16.780504,8.945972
"2177",4.355178,17.01046,8.991669
"2178",2.995206,13.378911,8.681665
"2179",5.73742,13.356527,8.471905
"2180",9.635335,13.065304,8.381454
"2181",8.891111,12.868388,8.419217
"2182",8.686116,15.764474,8.424858
"2183",6.003553,12.643844,8.263855
"2184",7.333931,15.906021,8.413859
"2185",5.25494,12.988901,8.399328
"2186",3.710662,15.698176,8.332287
"2187",2.253333,15.496871,8.16879
"2188",1.305382,0,0.013534
"2189",7.359691,14.814875,6.160848
"2190",10.083577,16.043827,7.846986
"2191",8.227345,16.427427,8.790825
"2192",6.672939,20.421663,7.830367
"2193",9.314152,18.396805,6.828967
"2194",12.758042,25.205061,14.352888
"2195",12.79557,20.381254,14.530252
"2196",11.927054,19.61146,14.470635
"2197",11.261035,19.126534,13.946065
"2198",10.117111,17.457396,12.639962
"2199",10.007144,16.417282,11.888979
"2200",7.735506,18.640343,11.829973
"2201",4.450992,16.860575,11.72596
"2202",5.327018,18.407421,10.704073
"2203",2.605136,14.788939,9.267917
"2204",1.980682,14.105131,8.9993
"2205",1.593131,16.421923,8.856948
"2206",1.444495,16.447527,8.863117
"2207",2.313963,16.169495,8.702305
"2208",3.10198,13.223211,8.19661
"2209",7.938687,13.260859,8.199924
"2210",7.685916,15.447758,8.28719
"2211",6.822833,15.769806,8.460847
"2212",9.360917,16.554455,9.060644
"2213",9.902232,16.876717,9.248203
"2214",4.872964,14.912814,9.440036
"2215",6.50946,17.229527,9.534824
"2216",6.718075,14.82684,9.449553
"2217",8.304255,17.466711,9.417584
"2218",7.329175,17.037882,9.172986
"2219",5.77958,16.415949,8.724438
"2220",5.252885,13.74589,8.562215
"2221",7.793449,13.731276,8.642241
"2222",7.784342,16.924646,8.868462
"2223",6.32108,17.031368,8.968232
"2224",2.769028,16.970516,8.885944
"2225",1.889876,13.0322,8.356296
"2226",6.430375,13.167175,8.29751
"2227",8.374281,15.983037,8.272172
"2228",8.218658,12.865875,8.369065
"2229",9.069312,12.814482,8.36354
"2230",7.887151,15.355879,8.023359
"2231",5.976682,12.343454,7.890648
"2232",4.391273,12.442312,8.001801
"2233",3.395201,15.478564,8.036603
"2234",1.735825,0,0.802547
"2235",4.302702,0,1.177394
"2236",3.401726,0,3.193398
"2237",1.391027,0,1.988725
"2238",2.083717,0,0.914596
"2239",6.734737,29.754349,10.862875
"2240",11.218837,27.372971,13.515989
"2241",12.950533,24.202309,14.417794
"2242",12.920266,22.116808,14.197581
"2243",12.713737,18.223564,13.259227
"2244",11.35339,16.737516,12.347385
"2245",10.35704,16.908785,12.277432
"2246",7.276379,17.346546,12.345501
"2247",5.512347,17.242344,11.855749
"2248",1.760047,17.567326,9.841379
"2249",1.231413,14.241047,9.06058
"2250",1.182588,14.064728,8.903138
"2251",1.489383,16.53141,8.835764
"2252",1.321986,13.565877,8.513966
"2253",1.247895,13.129797,8.126678
"2254",3.578261,15.591122,8.322043
"2255",4.130243,15.744494,8.386214
"2256",9.259587,15.75808,8.421235
"2257",7.802913,14.286905,9.124433
"2258",4.133602,17.10465,9.473639
"2259",3.667707,14.969238,9.549793
"2260",3.180057,15.221192,9.630703
"2261",6.306362,17.813179,9.633704
"2262",8.019633,18.337391,9.671687
"2263",5.694203,17.776154,9.39394
"2264",3.240997,16.823776,8.779122
"2265",3.93351,16.663595,8.66737
"2266",3.209449,14.2467,8.8059
"2267",6.440819,17.412832,9.053581
"2268",6.304808,14.041158,8.885123
"2269",3.8706,16.698462,8.486629
"2270",2.809959,12.939457,8.155351
"2271",3.532091,13.223739,8.281137
"2272",6.683576,13.187986,8.36342
"2273",5.674217,16.117155,8.417896
"2274",6.356437,16.039646,8.384338
"2275",4.780914,15.527772,8.187678
"2276",3.616569,15.330738,7.860144
"2277",1.122118,0,1.547206
"2278",1.127417,0,1.803309
"2279",0.993842,0,2.198449
"2280",0.993104,0,0.671915
"2281",1.122833,0,0
"2282",1.47585,0,2.253432
"2283",4.697244,29.002731,11.234641
"2284",9.523319,24.999313,13.289864
"2285",11.930187,15.121855,8.797299
"2286",12.778405,15.474672,10.750734
"2287",11.394209,16.398937,11.878522
"2288",8.414179,19.228098,12.509335
"2289",8.016174,17.132189,12.28325
"2290",1.509393,15.879645,10.579914
"2291",1.278134,16.883064,9.243779
"2292",1.037557,16.60788,8.971657
"2293",1.968004,16.357418,8.786809
"2294",1.353266,13.477965,8.35582
"2295",2.238865,15.27107,8.138908
"2296",2.663939,13.314053,8.272629
"2297",6.177464,15.850218,8.423734
"2298",7.089919,15.828897,8.43795
"2299",10.505512,14.78192,9.203937
"2300",9.060808,15.036818,9.627126
"2301",10.512864,15.009722,9.545893
"2302",7.856405,17.445539,9.441916
"2303",7.396315,17.578894,9.439141
"2304",5.835121,18.505846,9.617203
"2305",3.120218,15.021811,9.196243
"2306",1.838168,14.596406,8.611421
"2307",2.128777,14.743038,8.830397
"2308",1.841818,17.978235,9.201467
"2309",2.947805,18.029165,9.279222
"2310",4.626482,17.344315,8.801862
"2311",4.127243,16.723455,8.394197
"2312",2.911689,13.602221,8.325773
"2313",3.354784,16.565342,8.364274
"2314",3.592719,13.578456,8.533211
"2315",3.497421,16.732967,8.594118
"2316",2.365261,13.501689,8.632688
"2317",1.275845,0,0
"2318",1.404445,0,0.178888
"2319",1.246761,0,0
"2320",1.074464,0,0
"2321",1.212156,0,0
"2322",1.863568,0,0.283905
"2323",7.457496,12.665093,5.091527
"2324",11.034122,14.063025,7.086776
"2325",12.58032,15.963043,10.544677
"2326",11.847774,20.103369,12.908226
"2327",5.385075,17.183329,12.560537
"2328",1.937607,15.941269,11.638671
"2329",2.275414,14.995367,9.923071
"2330",1.763248,16.918192,9.457464
"2331",2.201623,14.665168,9.282305
"2332",1.824738,14.875275,9.276592
"2333",7.825952,14.635835,9.103595
"2334",5.251725,13.956927,8.684715
"2335",10.659772,13.582951,8.415717
"2336",10.562671,15.887889,8.469232
"2337",11.301537,14.237558,8.871844
"2338",11.139366,14.859341,9.319453
"2339",10.514776,16.595396,8.928163
"2340",7.928642,16.229691,8.439227
"2341",5.403243,13.269508,7.757588
"2342",5.918409,13.378382,7.666597
"2343",2.619394,16.059631,7.90936
"2344",1.050167,17.347616,8.444926
"2345",0.968094,18.239683,9.04498
"2346",1.916524,18.640408,9.486102
"2347",3.058008,18.332848,9.300245
"2348",2.898343,17.149435,8.642934
"2349",3.286286,13.84201,8.332674
"2350",2.788623,16.499311,8.313324
"2351",1.801224,13.799821,8.445144
"2352",2.140284,0,0
"2353",1.470016,0,0.274048
"2354",1.150922,0,0
"2355",1.281108,0,0
"2356",1.536332,0,0
"2357",8.73091,0,2.730129
"2358",7.335756,10.085093,5.776211
"2359",12.593127,20.088448,12.753834
"2360",12.459467,16.878389,12.705875
"2361",4.65382,17.846394,11.792021
"2362",8.323542,15.289091,11.228284
"2363",4.467624,17.263668,10.400242
"2364",2.486991,15.449705,9.86024
"2365",2.372476,15.600963,9.750808
"2366",7.551842,15.603275,9.6766
"2367",10.188725,14.749876,9.095366
"2368",11.891637,15.800433,8.478106
"2369",11.140449,13.810598,8.375675
"2370",10.819551,13.383367,7.838967
"2371",11.684324,12.427248,6.858894
"2372",9.478749,12.195656,6.702641
"2373",8.269472,11.468908,5.977343
"2374",5.455497,9.976452,5.218732
"2375",3.719791,11.213061,5.846278
"2376",4.90369,13.19838,6.974622
"2377",2.629757,16.092751,7.685737
"2378",3.376753,17.518496,8.70314
"2379",2.503419,17.976124,9.149599
"2380",2.191351,17.473955,8.825455
"2381",2.307505,13.451077,7.838327
"2382",1.618354,13.272191,7.578616
"2383",1.124521,0,0
"2384",0.607847,0,0
"2385",0.99841,0,0
"2386",4.234159,0,0.010492
"2387",11.97858,0,2.453621
"2388",11.869768,19.789988,12.270988
"2389",12.846828,16.944042,12.808841
"2390",12.863877,18.047571,12.106282
"2391",12.218233,15.661169,11.61341
"2392",4.737584,15.5686,11.153547
"2393",2.459461,15.729857,10.342566
"2394",2.942349,15.80874,9.911267
"2395",4.259387,15.419579,9.506919
"2396",9.910459,14.584917,8.910604
"2397",10.983456,14.062044,8.528261
"2398",12.942194,13.743236,8.126712
"2399",12.616528,12.998665,7.390172
"2400",11.347599,10.409367,5.709842
"2401",8.730274,8.73624,5.121354
"2402",4.765737,8.203235,4.989373
"2403",3.402092,8.337056,5.033887
"2404",2.125264,10.797226,5.797701
"2405",2.836533,12.692724,6.922853
"2406",2.504812,12.523176,6.716328
"2407",1.966098,11.380308,6.070407
"2408",3.162176,11.7654,6.385817
"2409",2.739134,11.2421,5.982313
"2410",0.254628,0,0.701972
"2411",0.889147,0,0
"2412",6.284693,0,0
"2413",11.548231,7.132751,4.320973
"2414",11.641666,16.401051,12.132313
"2415",13.14738,16.984653,12.265091
"2416",13.973839,17.650835,12.936465
"2417",7.029105,18.196671,13.293368
"2418",3.908463,21.75153,13.347264
"2419",6.261606,18.338921,12.948036
"2420",5.582863,17.787468,9.976954
"2421",7.455709,14.419014,8.806695
"2422",8.25885,13.991514,8.42328
"2423",13.317657,13.713335,8.007476
"2424",11.998439,11.892015,6.635159
"2425",6.929636,7.964735,5.053347
"2426",5.036125,0,3.251465
"2427",3.405478,0,2.888311
"2428",1.940478,3.839227,3.938075
"2429",2.411907,10.567577,5.751884
"2430",2.625136,11.917433,6.267127
"2431",1.650739,8.556378,5.203588
"2432",1.392306,0,0
"2433",7.878102,4.063619,2.68984
"2434",10.006548,14.805099,10.045681
"2435",12.442802,12.718273,6.809573
"2436",12.645395,19.306152,13.734076
"2437",12.33964,18.728773,13.897897
"2438",6.046303,18.935045,13.985578
"2439",7.941576,22.872261,13.99181
"2440",8.194095,22.248369,13.420563
"2441",7.055691,16.512875,10.607413
"2442",8.156652,14.605615,8.794163
"2443",8.393034,14.10795,8.159496
"2444",6.82796,10.678724,6.197596
"2445",4.764613,2.934671,5.166913
"2446",3.497104,0,2.393306
"2447",3.717675,0,0.278591
"2448",3.609779,0,1.598511
"2449",3.255829,2.866614,3.632457
"2450",1.377808,0,0.484993
"2451",4.013842,0,2.932791
"2452",3.578742,2.396105,2.290873
"2453",8.852103,16.121214,7.611937
"2454",12.008423,23.513615,14.023039
"2455",11.455798,19.101612,14.063881
"2456",11.678884,22.757999,14.015828
"2457",11.568687,19.121098,13.674397
"2458",7.271222,18.994169,13.316003
"2459",3.251431,17.377525,11.976919
"2460",3.496819,13.123337,7.876074
"2461",4.834519,7.504081,5.641718
"2462",4.577211,0,3.260592
"2463",3.888448,0,0.357066
"2464",3.516958,0,0
"2465",1.219596,5.50117,2.734108
"2466",5.323861,20.209536,7.384175
"2467",10.705597,27.740829,12.711929
"2468",11.762691,24.507967,13.996346
"2469",10.040154,19.069149,13.3776
"2470",3.441059,21.835804,13.263844
"2471",2.059075,17.159002,12.289323
"2472",1.792204,14.352539,8.464817
"2473",1.278961,7.982702,6.418343
"2474",5.349041,0,0.439451
"2475",10.075816,0,2.67078
"2476",11.769063,2.111479,4.994406
"2477",3.614647,12.337363,8.020615
